pid,condition,condition_type,beginHit,beginExp,endHit,totalTime,attempts,genEdu,comEdu,age,gender,qUnd,qDes,feedback,cheatTrials,status,numberClicks,rews_exp,rews_exp_total,rews_exp_mean,scores,pa_mean,pa_complete,pa_et
0,0,flowchart,2020-10-01 00:53:37.657877,2020-10-01 01:05:47.327447,,-,2,-,-,-,-,-,-,-,0,6,[1],[4],4.0,4.0,[-6],0.151,[0.151],[5.616]
1,0,flowchart,2020-09-30 22:12:04.984719,2020-09-30 22:16:10.428624,2020-09-30 22:19:26.051546,7.1,1,College degree,No,26,female,No,Trying to follow the flow chart to find the best route possible,,0,4,"[5, 1, 2, 1, 3, 4, 2, 2, 2, 1]","[5, 4, 8, 4, 2, 6, 8, 3, 13, 4]",57.0,5.7,"[5, 4, 28, -11, -3, 16, -7, -2, 3, -16]",0.4182,"[0.833, 0.182, 0.4, 0.0, 0.6, 0.8, 0.5, 0.5, 0.2, 0.167]","[0, 4.508, 3.0, 6.104, 2.0, 0, 2.0, 2.0, 3.0, 5.0]"
2,0,flowchart,2020-09-30 22:14:33.046833,2020-09-30 22:16:39.808723,2020-09-30 22:19:32.694222,4.9,1,High school graduate,No,20,female,Somewhat,Read the directions: Follow green,,0,4,"[12, 5, 12, 12, 11, 4, 4, 12, 12, 12]","[-7, 20, 13, -7, -1, 16, 6, 13, 3, 18]",74.0,7.4,"[-7, 20, 13, -7, -1, 16, 6, 13, 3, 18]",0.4303,"[0.462, 0.667, 0.231, 0.385, 0.25, 0.4, 0.6, 0.615, 0.385, 0.308]","[0, 0, 0, 0, 0, 0, 0, 0, 0, 0]"
3,0,flowchart,2020-09-30 22:10:37.968333,2020-09-30 22:17:05.460238,2020-09-30 22:21:37.438888,10.6,1,High school graduate,No,31,female,Yes,If there was a best path you should click to see the best way to go if it is 10,,0,4,"[7, 3, 6, 7, 6, 6, 6, 6, 6, 5]","[18, 7, 14, 8, 9, 9, 24, 4, 24, 10]",127.0,12.7,"[18, -13, 14, 8, 9, 9, 24, 4, 24, 0]",0.5898,"[0.4, 0.143, 0.857, 0.5, 0.571, 0.714, 0.571, 0.571, 0.571, 1.0]","[3.0, 4.0, 0, 0, 0, 0, 0, 0, 0, 0]"
4,0,flowchart,2020-09-30 22:14:04.890091,2020-09-30 22:20:51.310837,2020-09-30 22:30:08.574929,15.8,1,College degree,No,28,Female,"I'm not sure. I followed the flow chart, but was still confused at some of the strategy","I think that they were using the flow chart to enhance the power of deduction. If your path already had -10 for instance, it was not worth wasting the money to click on the nodes.",,0,4,"[9, 10, 7, 9, 8, 9, 7, 12, 6, 6]","[11, -5, 3, 1, -8, 1, 8, -22, 19, -1]",7.0,0.7,"[11, -5, 3, 1, -8, 1, 8, -22, 19, -1]",0.6277,"[0.8, 0.273, 0.875, 0.5, 0.778, 0.5, 0.625, 0.769, 0.3, 0.857]","[0, 0, 0, 0, 0, 0, 0, 0, 4.0, 0]"
5,0,flowchart,2020-09-30 22:17:02.080085,2020-09-30 22:22:24.924139,2020-09-30 22:28:13.657627,11.0,1,College degree,No,51,Male,"I think so, although it took me a couple of trials to fully realize it.  There were clicks that I didn't need to make at first that I was. ",You should click on enough first level tree nodes to find the best bath.  Then you only need to click to find the right path for level 3.,Thanks.  That was fun. ,0,4,"[3, 4, 4, 2, 2, 4, 3, 5, 4, 4]","[17, 11, 6, 8, 3, 6, 2, 10, 1, 1]",65.0,6.5,"[12, 21, 6, 23, 3, 6, 2, 5, -19, 1]",0.4813,"[1.0, 0.6, 0.6, 0.5, 0.2, 0.6, 0.333, 0.5, 0.2, 0.28]","[0, 0, 0, 2.0, 3.0, 0, 3.0, 0, 6.016, 3.146]"
6,0,flowchart,2020-09-30 22:15:01.311236,2020-09-30 22:24:47.943791,2020-09-30 22:34:27.353743,18.9,2,High school graduate,No,35,male,Yes,"Using the flow chart for guidance, you have to decide whether to click the node or not to reveal the best path with the greatest reward.",,0,4,"[4, 4, 7, 4, 4, 5, 4, 4, 12, 2]","[16, 16, 3, 11, 1, 5, 16, 1, -7, 18]",80.0,8.0,"[11, 11, 13, 21, -14, 10, 26, 16, -7, 23]",0.4381,"[0.333, 0.5, 0.3, 0.333, 0.167, 0.833, 0.667, 0.286, 0.462, 0.5]","[2.0, 2.0, 3.0, 2.0, 2.0, 0, 2.0, 3.0, 0, 2.0]"
7,0,flowchart,2020-09-30 22:23:00.064284,2020-09-30 22:27:02.19074,2020-09-30 22:32:49.49396,9.5,1,College degree,No,23,F,Kind of,Follow the green path ,Very confusing to follow,1,4,"[0, 3, 3, 3, 3, 3, 3, 1, 1, 1]","[0, 7, 7, 2, 2, 7, 7, 4, 9, 4]",49.0,4.9,"[10, -8, 22, 2, -18, 7, 22, -6, 4, 4]",0.2656,"[0.0, 0.5, 0.167, 0.429, 0.6, 0.2, 0.167, 0.143, 0.25, 0.2]","[4.845, 3.0, 3.0, 4.0, 2.0, 7.0, 3.0, 5.989, 3.0, 4.0]"
8,0,flowchart,2020-09-30 22:22:57.377666,2020-09-30 22:27:58.550907,2020-09-30 22:31:15.056281,8.1,3,High school graduate,Yes,19,Male,"Kind of, it was somewhat confusing.",Follow the strategy that seems the best but sometimes you have to make a judgement call.,,10,4,"[0, 0, 0, 0, 0, 0, 0, 0, 0, 0]","[0, 0, 0, 0, 0, 0, 0, 0, 0, 0]",0.0,0.0,"[10, 0, 0, 0, -10, 5, 15, -30, 10, 5]",0.0,"[0.0, 0.0, 0.0, 0.0, 0.0, 0.0, 0.0, 0.0, 0.0, 0.0]","[5.37, 7.0, 6.168, 5.673, 6.705, 5.846, 4.061, 5.449, 4.704, 4.281]"
9,0,flowchart,2020-09-30 22:28:48.366838,2020-09-30 22:33:59.204557,2020-09-30 22:39:12.083603,9.9,1,College degree,No,31,Female,Yes! The instructions were clear and I was able to understand the strategy,Use the available help to determine the best route,Thanks! I enjoyed participating!,0,4,"[8, 6, 8, 7, 7, 5, 2, 6, 5, 5]","[12, 14, 2, 18, -2, 10, 13, 9, 5, 0]",81.0,8.1,"[2, 14, 2, 3, -2, 10, 3, 4, 0, 5]",0.5105,"[0.444, 0.571, 0.333, 0.4, 0.5, 0.833, 0.5, 0.571, 0.286, 0.667]","[0, 0, 0, 3.0, 0, 0, 2.0, 0, 2.0, 0]"
10,0,flowchart,2020-09-30 22:31:56.867744,2020-09-30 22:34:59.241364,2020-09-30 22:38:57.361773,6.9,1,College degree,No,24,Female,Yes I understood it,you basically folow the flowchart to get the best possible outcomes ,,1,4,"[3, 1, 3, 0, 3, 4, 3, 1, 6, 6]","[7, 9, -8, 0, -8, 6, 7, 9, -6, 4]",20.0,2.0,"[-13, 24, 12, -10, -8, 16, 22, 9, -1, 4]",0.4026,"[0.286, 0.25, 0.493, 0.0, 0.4, 0.8, 0.5, 0.25, 0.714, 0.333]","[4.0, 3.0, 3.08, 5.702, 4.502, 0, 3.0, 3.0, 0, 3.0]"
11,0,flowchart,2020-09-30 22:19:14.192233,2020-09-30 22:35:05.848648,2020-09-30 22:42:16.976157,22.9,3,College degree,No,57,female,"Yes, I finally understood what the strategy was.",Locate the highest numbers in the first row.  Then click on as few nodes as possible to identify the high positive numbers at the top.,no feedback,0,4,"[5, 5, 6, 9, 6, 6, 5, 6, 6, 5]","[-5, 10, 4, 1, -1, -1, 10, 4, -1, 15]",36.0,3.6,"[-10, -30, -11, 11, -1, -11, 15, 9, 4, 25]",0.3619,"[0.243, 0.167, 0.3, 0.273, 0.25, 0.571, 0.5, 0.444, 0.571, 0.3]","[3.222, 0, 4.0, 2.0, 2.0, 0, 0, 3.0, 0, 5.0]"
12,0,flowchart,2020-09-30 22:31:05.383241,2020-09-30 22:35:43.265643,2020-09-30 22:39:52.964293,8.7,1,College degree,No,31,Female.,For the most part.,Clicking in advance helped you plan where to go.,,0,4,"[1, 3, 3, 6, 6, 6, 3, 6, 6, 3]","[4, 2, 7, 4, 9, -11, 7, -1, 4, 7]",32.0,3.2,"[-16, 17, -8, 4, 19, -1, 7, 19, -6, -8]",0.2751,"[0.174, 0.286, 0.286, 0.333, 0.333, 0.571, 0.5, 0.0, 0.143, 0.125]","[4.758, 4.0, 4.0, 3.0, 3.0, 0, 3.0, 2.0, 0, 5.0]"
13,0,flowchart,2020-09-30 22:31:34.966655,2020-09-30 22:36:39.918321,2020-09-30 22:41:05.496223,9.2,1,High school graduate,Yes,37,There is no identify with. I AM a Male.,Vaguely,Find the highest values after clicking an unobserved node,,0,4,"[12, 12, 12, 2, 1, 1, 5, 5, 3, 3]","[3, 3, -7, 8, -1, -1, 5, 5, 7, 7]",29.0,2.9,"[3, 3, -7, 23, 14, -16, -5, -5, 7, 7]",0.3844,"[0.462, 0.385, 0.385, 0.4, 0.212, 0.167, 0.5, 0.5, 0.5, 0.333]","[0, 0, 0, 3.0, 3.723, 5.001, 0, 0, 3.0, 3.0]"
14,0,flowchart,2020-09-30 22:30:19.766779,2020-09-30 22:37:29.36713,2020-09-30 22:40:39.813927,10.2,2,College degree,Yes,32,female,"Yes, by checking ahead in advance.",Just click on the numbers to see which route shows up green and is the best option,none,1,4,"[10, 0, 12, 6, 9, 12, 12, 12, 12, 12]","[0, 0, 3, 9, 21, 13, 13, 3, 3, 18]",83.0,8.3,"[-35, 15, 3, -1, 21, 13, 13, 3, 3, 18]",0.3677,"[0.455, 0.0, 0.538, 0.273, 0.333, 0.538, 0.385, 0.308, 0.385, 0.462]","[0, 5.991, 0, 5.0, 3.0, 0, 0, 0, 0, 0]"
15,0,flowchart,2020-09-30 22:30:12.958893,2020-09-30 22:39:28.141001,2020-09-30 22:47:43.310629,17.2,2,College degree,No,51,female,it is kind of hard to understand as you have to click somewhere to start and i didnt know if it was plus or minus ten,click on the bottom row.  if you have minus 10 then dont click but if you have 10 click higher and it cost a dollar each time you click,,1,4,"[12, 12, 12, 12, 12, 2, 3, 1, 2, 0]","[3, 8, -2, 13, 3, 8, -3, -1, -2, 0]",27.0,2.7,"[3, 3, -2, 13, 3, -7, 7, -11, -7, -5]",0.3914,"[0.615, 0.846, 0.308, 0.538, 0.385, 0.5, 0.267, 0.188, 0.267, 0.0]","[0, 0, 0, 0, 0, 2.0, 4.49, 4.33, 5.499, 5.212]"
16,0,flowchart,2020-09-30 22:35:05.807773,2020-09-30 22:40:32.641635,2020-09-30 22:46:20.070589,11.1,1,College degree,No,33,Female,Yes,Pretty much just click on all the nodes until you see what's there.,,0,4,"[12, 12, 12, 3, 5, 5, 4, 4, 10, 6]","[-12, 13, -7, 2, 5, 15, 16, 6, 0, -6]",32.0,3.2,"[-12, 13, -7, -3, 15, 25, 26, 1, 0, -16]",0.3659,"[0.308, 0.462, 0.308, 0.2, 0.125, 0.444, 0.333, 0.167, 0.455, 0.857]","[0, 0, 0, 2.0, 3.0, 4.0, 5.0, 2.0, 0, 0]"
17,0,flowchart,2020-09-30 22:32:44.508791,2020-09-30 22:41:49.965608,2020-09-30 22:54:42.796852,21.4,1,College degree,Yes,51,Female,"I thought I did, but it may have been more helpful to have a couple real time examples.  I don't think I succeeded very well.","The flowchart shows you what to click on in level 1 and 2.  But, be aware that each click reduces your pay be $1.  Once you are on the right (green) path, swing the monkey through the tree to get your winnings.",Thank you for the opportunity!,0,4,"[10, 7, 6, 5, 3, 5, 5, 5, 3, 2]","[10, -2, -1, 20, 12, 15, 10, 0, 2, 18]",84.0,8.4,"[10, -2, -1, 20, 2, 15, 10, 10, 2, 23]",0.5572,"[0.462, 0.5, 0.714, 0.571, 0.4, 0.571, 0.833, 0.571, 0.75, 0.2]","[3.0, 0, 0, 2.0, 2.0, 2.0, 0, 2.0, 0, 3.0]"
18,0,flowchart,2020-09-30 22:09:14.201588,2020-09-30 22:15:52.478864,2020-09-30 22:24:38.634184,15.0,1,College degree,No,57,female,Not really.,The strategy is not complete.   At some point you will need to randomly click.,,0,4,"[6, 6, 4, 4, 3, 5, 9, 7, 5, 8]","[9, 19, 16, 11, 7, 0, 6, -2, 10, 12]",88.0,8.8,"[4, 19, 16, 1, -8, -5, 16, 8, 5, 22]",0.5371,"[0.273, 0.4, 1.0, 0.8, 0.6, 0.714, 0.455, 0.5, 0.229, 0.4]","[5.0, 4.0, 0, 0, 2.0, 2.0, 2.0, 0, 3.722, 2.0]"
19,0,flowchart,2020-09-30 22:29:05.454512,2020-09-30 22:42:13.785078,2020-09-30 22:48:38.223106,19.3,5,High school graduate,No,19,Female,Sort of but no until the end,Click the level one row if any of them have a 10 plus continue on that route if not move to a different level one if stil not use the same strategy on row/level 2,,0,4,"[9, 6, 10, 4, 3, 6, 9, 4, 5, 4]","[6, -1, 0, 16, 7, 14, -4, 16, 0, 11]",65.0,6.5,"[6, -1, 0, 16, 7, 14, -4, 16, 10, 21]",0.6744,"[0.8, 0.857, 0.545, 1.0, 0.4, 0.571, 0.7, 0.8, 0.571, 0.5]","[0, 0, 0, 0, 2.0, 0, 0, 0, 2.0, 2.0]"
20,0,flowchart,2020-09-30 22:11:17.848924,2020-09-30 22:15:17.004676,2020-09-30 22:17:37.139172,6.2,2,College degree,No,35,M,Kinda,Preview and if it's bad don't go that way,,1,4,"[1, 0, 1, 1, 1, 1, 1, 1, 1, 1]","[-1, 0, 4, 9, -1, 9, -1, -1, -1, 4]",21.0,2.1,"[-31, -25, 4, 29, 14, 4, -6, -6, 9, -11]",0.172,"[0.167, 0.0, 0.2, 0.25, 0.175, 0.25, 0.178, 0.165, 0.178, 0.157]","[5.001, 5.189, 4.0, 3.0, 4.711, 3.0, 4.605, 5.069, 4.633, 5.361]"
21,0,flowchart,2020-09-30 22:09:01.369171,2020-09-30 22:11:25.018744,2020-09-30 22:13:49.870701,4.6,1,College degree,No,35,female,yes,Try to make as much as possible,,10,4,"[0, 0, 0, 0, 0, 0, 0, 0, 0, 0]","[0, 0, 0, 0, 0, 0, 0, 0, 0, 0]",0.0,0.0,"[25, 0, 0, 10, -10, -10, 10, -5, 15, 5]",0.0,"[0.0, 0.0, 0.0, 0.0, 0.0, 0.0, 0.0, 0.0, 0.0, 0.0]","[4.684, 5.429, 5.642, 5.419, 5.219, 5.182, 4.987, 4.882, 4.707, 5.721]"
22,0,flowchart,2020-10-01 00:51:11.031725,2020-10-01 00:57:19.804701,2020-10-01 01:04:29.587936,12.9,1,College degree,Yes,26,Female,"Kind of, It was a little confusing, and I am not sure I did it correctly.","Click on the first nodes, is there a +10? If so, precede with that tree.",,0,3,"[2, 4, 6, 4, 2, 2, 3, 4, 3, 4]","[13, -4, 19, 11, 8, 3, 22, 11, 22, 6]",111.0,11.1,"[8, -14, 19, 6, 3, -2, 22, 16, 22, 1]",0.4755,"[0.2, 0.273, 0.857, 0.5, 0.4, 0.125, 0.6, 0.8, 0.4, 0.6]","[3.0, 7.0, 0, 2.0, 3.0, 6.012, 2.0, 0, 2.0, 0]"
23,0,flowchart,2020-10-01 00:25:56.344025,2020-10-01 00:33:32.561882,2020-10-01 00:38:49.15581,12.7,2,College degree,No,52,male,Not really,read and follow a flow chart and then lead the monkey up a tree based on the decisions the flow chart leads you to,,0,3,"[8, 5, 8, 6, 7, 2, 4, 5, 3, 2]","[7, 15, 2, -6, -12, 3, 6, -5, 7, 3]",20.0,2.0,"[7, 15, 2, -6, -12, 13, 6, -10, 17, -7]",0.4842,"[0.556, 0.833, 0.667, 0.857, 0.5, 0.2, 0.8, 0.286, 0.143, 0.0]","[0, 0, 0, 0, 0, 3.0, 0, 2.0, 4.0, 5.338]"
24,0,flowchart,2020-10-01 00:07:20.499821,2020-10-01 00:14:12.156898,2020-10-01 00:29:37.115388,22.0,1,College degree,No,42,female,Unclear,"As unclear - ""best path"" could have been specified as something that shifted, and/or that there could be more than one - in spite of being names as ""a"" best path, to me, the phrasing still read as being in the singular, which made the possibility of multiple ""best paths"" plural unclear",,0,3,"[8, 10, 6, 6, 2, 4, 9, 3, 9, 6]","[2, -5, 4, 4, 8, -4, -9, 2, -4, 9]",7.0,0.7,"[2, -5, -6, 4, 23, -4, -19, 2, -4, 4]",0.3116,"[0.111, 0.455, 0.143, 0.143, 0.333, 0.258, 0.4, 0.75, 0.273, 0.25]","[0, 0, 0, 0, 0, 3.76, 0, 0, 2.0, 2.0]"
25,0,flowchart,2020-10-01 00:04:05.059234,2020-10-01 00:13:12.983822,2020-10-01 00:19:39.355493,15.4,4,College degree,No,25,Female,"Yes, but I kept forgetting to follow the flowchart to optimize","If it's a level 1 or 2 node with a positive reward (in this case, +10), click the next level. If it's not a level 1 or 2 node with a positive reward (in this case, +10), do not click it. ",,0,3,"[12, 7, 5, 6, 5, 11, 3, 9, 4, 6]","[-7, -2, 20, -1, 0, -6, 7, 1, 26, 4]",42.0,4.2,"[-7, -2, 20, -1, 0, -6, 7, 1, 26, 4]",0.6686,"[0.462, 0.5, 1.0, 0.857, 0.667, 0.5, 0.75, 0.7, 0.5, 0.75]","[0, 0, 0, 0, 0, 0, 0, 0, 2.0, 2.0]"
26,0,flowchart,2020-10-01 00:04:10.793641,2020-10-01 00:08:17.488978,2020-10-01 00:13:46.951287,9.5,1,College degree,No,48,female,Sort of,"It advised clicking on the nodes that showed the best path, but that path could change with clicking on the next level. ",I have to admit I was tired and a bit confused by the strategy,0,3,"[9, 5, 3, 5, 5, 7, 4, 9, 4, 5]","[6, 5, 27, 10, 5, 3, 21, -14, 16, 20]",99.0,9.9,"[6, 5, 27, 10, 5, 3, 21, -14, 16, 20]",0.7086,"[0.3, 0.833, 0.4, 0.833, 0.833, 0.875, 0.8, 0.545, 0.667, 1.0]","[0, 0, 2.0, 0, 0, 0, 0, 2.0, 2.0, 0]"
27,0,flowchart,2020-09-30 23:28:35.248407,2020-09-30 23:34:05.857551,2020-09-30 23:38:24.220526,9.6,1,High school graduate,No,24,female,not really,not sure how,,8,3,"[9, 10, 0, 0, 0, 0, 0, 0, 0, 0]","[6, 0, 0, 0, 0, 0, 0, 0, 0, 0]",6.0,0.6,"[6, 0, 0, 0, 0, 0, -10, 5, 5, 5]",0.0564,"[0.2, 0.364, 0.0, 0.0, 0.0, 0.0, 0.0, 0.0, 0.0, 0.0]","[0, 0, 3.771, 6.074, 3.948, 5.268, 5.263, 5.244, 5.504, 5.32]"
28,0,flowchart,2020-09-30 22:58:50.775547,2020-09-30 23:04:47.394685,2020-09-30 23:11:29.149015,12.5,1,High school graduate,No,31,male,The path to the best end result.,Follow what will be the best end result.,"Analyze the wording in the flow chart, it is very hard to read.",1,3,"[6, 5, 7, 4, 4, 11, 3, 0, 10, 5]","[9, 20, 3, 16, 21, -1, 17, 0, -10, 10]",85.0,8.5,"[-1, 20, 3, 16, 21, -1, 17, 15, -10, -15]",0.5371,"[0.714, 0.231, 0.625, 0.6, 0.8, 0.333, 0.75, 0.0, 0.818, 0.5]","[0, 8.0, 0, 0, 0, 0, 0, 4.571, 0, 0]"
29,0,flowchart,2020-09-30 22:49:34.216138,2020-09-30 22:55:15.491335,2020-09-30 22:57:50.848548,8.1,1,College degree,No,29,Male,Yes,Follow the flowchart to get the most money,,0,3,"[4, 3, 4, 3, 3, 4, 3, 6, 5, 3]","[6, 17, 11, 12, 17, 16, 7, 9, 10, 12]",117.0,11.7,"[11, 27, 21, 7, 27, 6, 2, 14, 5, 2]",0.6486,"[0.333, 0.6, 0.6, 1.0, 1.0, 0.8, 0.6, 0.286, 0.667, 0.6]","[2.0, 2.0, 0, 0, 0, 0, 2.0, 0, 0, 2.0]"
30,0,flowchart,2020-09-30 22:47:41.530185,2020-09-30 22:51:21.644398,2020-09-30 22:55:03.440827,7.2,1,College degree,No,42,Male,Yes,,,2,3,"[0, 0, 2, 1, 1, 1, 1, 1, 2, 1]","[0, 0, -2, 4, 4, 9, 9, 9, 3, 9]",45.0,4.5,"[-25, -10, 23, 9, 4, 24, 9, 24, -2, -6]",0.2177,"[0.0, 0.0, 0.333, 0.181, 0.163, 0.25, 0.25, 0.25, 0.5, 0.25]","[7.898, 5.606, 4.0, 4.523, 5.137, 3.0, 3.0, 3.0, 2.0, 3.0]"
31,0,flowchart,2020-09-30 22:35:22.106964,2020-09-30 22:42:02.582255,2020-09-30 22:59:59.356885,24.3,1,College degree,No,22,female,"No, I thought the strategy didn't make sense, because one of the rules depended on being in a row with a ""+10""  but it would be possible there was a ""+10"" node in the row that had not be observed.","I would tell the friend that the strategy attempted to start with the first and second rows until you find the ""+10"" node.","I followed the strategy on the flowchart diagram because that is what the instructions told me to do, but I don't think this strategy was the most optimal one (unless I interpreted the strategy on the flowchart wrong). You should be more clear whether our performance-based bonus is based on the amount of ""money"" the monkey collects or whether it is based on how well we follow the instructions on the flowchart.",0,3,"[8, 3, 6, 4, 5, 5, 5, 3, 2, 5]","[7, 17, 19, 1, 5, -10, -5, 7, 8, -5]",44.0,4.4,"[7, 22, 19, -4, 5, -15, 0, -3, 13, -15]",0.9889,"[0.889, 1.0, 1.0, 1.0, 1.0, 1.0, 1.0, 1.0, 1.0, 1.0]","[0, 0, 0, 0, 0, 0, 0, 0, 0, 0]"
32,0,flowchart,2020-09-30 22:15:39.854821,2020-09-30 22:20:41.702481,2020-09-30 22:26:49.102116,10.6,1,College degree,No,41,female,I'm not sure that I did.,Click up until you find the best path,,0,3,"[3, 10, 5, 6, 5, 7, 6, 6, 8, 6]","[12, -5, 5, -1, 0, 23, 24, 19, 17, 4]",98.0,9.8,"[7, -5, 5, -1, 0, 23, 24, 19, 17, 4]",0.6232,"[0.4, 0.545, 0.833, 0.857, 0.833, 0.444, 0.3, 0.714, 0.556, 0.75]","[2.0, 0, 0, 0, 0, 2.0, 4.0, 0, 0, 2.0]"
33,0,flowchart,2020-09-30 22:09:49.358683,2020-09-30 22:16:08.441697,2020-09-30 22:24:16.163001,13.8,1,College degree,No,63,female,Not really,I don't think that I could,,0,3,"[3, 3, 3, 6, 5, 2, 3, 3, 3, 6]","[7, 7, 7, -6, -5, 3, 7, 7, -8, 4]",23.0,2.3,"[-8, 7, 7, -11, -10, -2, 2, -8, -18, -1]",0.3634,"[0.143, 0.111, 0.143, 0.714, 0.667, 0.5, 0.286, 0.1, 0.399, 0.571]","[4.0, 6.0, 4.0, 0, 0, 2.0, 4.0, 7.0, 4.519, 0]"
34,0,flowchart,2020-09-30 22:01:33.682755,2020-09-30 22:06:08.068588,2020-09-30 22:13:28.461629,11.6,1,College degree,No,37,Male,Somewhat?  It seems like the conditions changing interfered with the flowchart and made it impossible to follow.,"Balance paying to check nodes, with checking enough to find the best path.",none,0,4,"[9, 6, 9, 6, 6, 6, 12, 6, 2, 9]","[-4, 14, -9, 14, 4, 4, 18, 14, 8, 16]",79.0,7.9,"[-4, 14, -9, 14, 4, 4, 18, 14, 8, 16]",0.6409,"[0.6, 0.857, 0.7, 0.857, 0.714, 0.714, 0.538, 0.429, 0.4, 0.6]","[0, 0, 0, 0, 0, 0, 0, 0, 3.0, 0]"
35,0,flowchart,2020-09-30 22:02:41.644872,2020-09-30 22:06:34.36457,2020-09-30 22:09:54.969061,7.1,2,High school graduate,Yes,22,Male,Sort of. It was difficult,"I would say to click on the ones at the base first to see where you should go, then to click on the top ones of the best options to decide what your final move should be. The second move is unavoidable anyways",The game was a little challenging to grasp but overall it was fun and I enjoyed this HIT,0,4,"[4, 3, 4, 3, 3, 2, 3, 2, 4, 5]","[6, 7, -4, 12, 2, 8, -3, 8, 1, 5]",42.0,4.2,"[16, 22, -24, 7, 2, 23, 2, -2, -9, -5]",0.5213,"[0.286, 0.5, 0.363, 1.0, 0.6, 0.5, 0.235, 0.5, 0.8, 0.429]","[3.0, 0, 4.266, 0, 2.0, 2.0, 5.525, 2.0, 0, 2.0]"
36,0,flowchart,2020-09-30 22:02:32.75119,2020-09-30 22:09:33.028212,2020-09-30 22:11:54.496551,9.2,3,College degree,No,34,female,kind of,You need to just guess and try to get the most money,,10,4,"[0, 0, 0, 0, 0, 0, 0, 0, 0, 0]","[0, 0, 0, 0, 0, 0, 0, 0, 0, 0]",0.0,0.0,"[15, 10, 15, 0, -10, 5, -20, 25, 5, -10]",0.0,"[0.0, 0.0, 0.0, 0.0, 0.0, 0.0, 0.0, 0.0, 0.0, 0.0]","[4.11, 4.505, 4.301, 5.931, 5.463, 5.732, 6.764, 5.059, 5.605, 4.854]"
37,0,flowchart,2020-09-30 22:05:10.686992,2020-09-30 22:11:04.343827,2020-09-30 22:16:30.60234,11.0,1,College degree,No,50,female,No I did not.  None of the paths were marked green and none of the nodes had values of 10 (either plus or minus).  I'm really not sure what I missed because I certainly thought I read the directions carefully.,"Again because the tree was not marked in any way based on the flowchart information, it was difficult to have a strategy.",I'm not sure that the hit was performing correctly due to the issues I mentioned in a previous comment.,7,4,"[2, 0, 0, 0, 6, 6, 0, 0, 0, 0]","[-2, 0, 0, 0, 4, -1, 0, 0, 0, 0]",1.0,0.1,"[-2, 0, -10, 10, 4, -16, 0, -5, -10, 0]",0.0478,"[0.335, 0.0, 0.0, 0.0, 0.143, 0.0, 0.0, 0.0, 0.0, 0.0]","[3.975, 5.26, 5.818, 4.716, 0, 4.762, 3.9, 4.394, 5.488, 5.474]"
38,0,flowchart,2020-09-30 22:05:55.145033,2020-09-30 22:11:14.772535,2020-09-30 22:17:52.770333,11.8,1,College degree,No,27,Female,"I understood it for the most part until the flow chart turned to 2 tiers and then the wording was confusing ""with a +10"" or ""without a +10"".","Use the flow chart to determine which notes to click, then choose the best path (green) that will net you the most amount of money. ",,0,4,"[5, 6, 4, 5, 8, 6, 4, 4, 7, 7]","[-5, 4, 26, 5, 2, 14, 21, 16, -2, -2]",79.0,7.9,"[0, 9, 26, 5, 2, 14, 21, 16, -2, -2]",0.7082,"[0.833, 0.333, 0.8, 0.833, 0.444, 0.714, 1.0, 1.0, 0.5, 0.625]","[0, 3.0, 0, 0, 0, 0, 0, 0, 0, 0]"
39,0,flowchart,2020-09-30 22:06:48.030245,2020-09-30 22:15:13.988572,2020-09-30 22:19:22.077969,12.2,2,High school graduate,No,27,Male,The last one was very confusing.,I wouldnt.,,0,4,"[6, 5, 7, 6, 8, 6, 7, 5, 12, 8]","[-1, 15, 3, 9, 12, 4, 3, 5, -12, 2]",40.0,4.0,"[-1, 10, -2, -1, 12, 4, 3, 5, -12, 2]",0.5296,"[0.429, 0.667, 0.3, 0.444, 0.182, 0.625, 0.5, 0.833, 0.538, 0.778]","[0, 0, 3.0, 3.0, 3.0, 2.0, 0, 0, 0, 0]"
40,0,flowchart,2020-09-30 22:40:32.622617,2020-09-30 22:46:25.690914,2020-09-30 22:53:37.644552,12.7,2,College degree,Yes,50,Male,"I felt that I mostly understood the strategy, only being a little confused at the start.","You click the level one nodes until you find the path marked green. Then if the level one node is +10, you click both ignore the level two node, and click both level three nodes. If the level one node is not a +10 then click the level two node.  If the level two node is a +10 then you can click the level three nodes.",,0,4,"[3, 2, 3, 4, 3, 3, 3, 2, 2, 3]","[22, -2, 2, 6, -3, 12, 7, -2, -2, 17]",57.0,5.7,"[22, 3, -8, -14, 2, 2, 17, 3, 8, 12]",0.6299,"[0.6, 0.335, 1.0, 0.667, 0.5, 0.5, 1.0, 0.364, 0.333, 1.0]","[2.0, 3.979, 0, 2.0, 3.0, 3.0, 0, 3.502, 3.999, 0]"
41,0,flowchart,2020-09-30 22:13:39.465001,2020-09-30 22:18:55.006929,2020-09-30 22:27:03.928009,13.2,1,College degree,No,44,female,"Not initially, but I think I finally got it at the end?","Do not pursue clicking nodes on a if the value is -10 or 10. If it is +10, pursue that path.",No.,0,4,"[1, 1, 2, 1, 2, 2, 4, 4, 3, 2]","[9, 9, -2, 9, 8, -2, 6, -4, 2, 8]",43.0,4.3,"[-11, 9, -12, -6, 13, -7, 6, 1, 2, 23]",0.4487,"[0.116, 0.25, 0.118, 0.25, 1.0, 0.182, 0.571, 1.0, 0.6, 0.4]","[7.621, 3.0, 6.473, 3.0, 0, 3.49, 3.0, 0, 2.0, 3.0]"
42,0,flowchart,2020-09-30 22:50:02.217629,2020-09-30 22:53:05.530904,2020-09-30 22:56:54.30897,6.8,1,College degree,Yes,39,Male,Yes,The tree was basically telling you to look for a tens as you clicked on the nodes and if you found one move to the next level of the tree.,,0,4,"[6, 6, 8, 4, 5, 6, 6, 4, 4, 11]","[4, 14, 2, 21, 15, -6, 19, 11, 21, -21]",80.0,8.0,"[4, 14, 2, 21, 15, -16, 19, 11, 21, -21]",0.5388,"[0.571, 0.375, 0.2, 0.8, 0.429, 0.333, 0.714, 0.333, 0.8, 0.833]","[0, 2.0, 2.0, 0, 2.0, 3.0, 0, 2.0, 0, 0]"
43,0,flowchart,2020-09-30 23:46:47.62022,2020-09-30 23:51:46.454625,2020-09-30 23:56:02.762892,8.9,1,College degree,Yes,30,Male,Yes,Follow the flowchart to riches.,,10,4,"[0, 0, 0, 0, 0, 0, 0, 0, 0, 0]","[0, 0, 0, 0, 0, 0, 0, 0, 0, 0]",0.0,0.0,"[10, 30, -10, 10, 5, 10, -5, -5, -5, -10]",0.0,"[0.0, 0.0, 0.0, 0.0, 0.0, 0.0, 0.0, 0.0, 0.0, 0.0]","[5.537, 5.31, 5.635, 3.472, 3.844, 5.603, 6.015, 5.897, 5.798, 5.657]"
44,0,flowchart,2020-09-30 23:47:42.510808,2020-09-30 23:54:21.842184,2020-10-01 00:02:23.221874,14.3,1,High school graduate,No,29,Female,Not exactly,Click one of the top nodes from each cluster to get the best path.,,0,4,"[12, 7, 6, 7, 7, 3, 3, 6, 2, 3]","[-2, 8, 4, 8, 13, 7, 7, 4, 8, 2]",59.0,5.9,"[-2, -2, 9, 13, 18, 2, 7, 9, 18, 17]",0.1914,"[0.462, 0.333, 0.143, 0.0, 0.0, 0.25, 0.25, 0.143, 0.333, 0.0]","[0, 5.0, 0, 3.0, 3.0, 0, 0, 0, 0, 3.505]"
45,0,flowchart,2020-09-30 23:50:07.167988,2020-09-30 23:55:26.085151,2020-10-01 00:05:21.687291,15.0,1,College degree,No,25,Female,Kind of—I feel like I understood it more towards the end.,"I think the strategy is to figure out the best route by using process of elimination. 
First, click the first node of each branch to determine the best path. Then, click the second node of all the green paths. 
Whichever branch at this point has the highest number is the one you want. 
Click one of the third nodes on the best determined branch to decide which path to follow—if the node you click is a negative number, choose the other one.",,0,4,"[2, 6, 4, 4, 5, 6, 6, 5, 5, 6]","[8, -6, 21, 11, 0, 9, 14, 10, 25, 24]",116.0,11.6,"[3, -6, 21, 21, -10, 9, 14, -10, 25, 24]",0.4831,"[0.25, 0.857, 0.667, 0.143, 0.429, 0.571, 0.857, 0.286, 0.571, 0.2]","[2.0, 0, 2.0, 3.0, 2.0, 0, 0, 2.0, 2.0, 4.0]"
46,0,flowchart,2020-09-30 23:37:24.927432,2020-09-30 23:57:30.514261,2020-10-01 00:01:44.22204,24.0,4,High school graduate,No,48,female,yes,follow what the flow chart is telling you paying attention to the green.,,0,4,"[4, 4, 5, 5, 1, 6, 6, 4, 5, 5]","[1, 11, -5, 0, 9, -1, 9, 16, 10, 10]",60.0,6.0,"[1, 6, -10, -5, 4, -1, 4, 6, 15, 0]",0.3524,"[0.4, 0.4, 0.235, 0.429, 0.25, 0.352, 0.125, 0.333, 0.667, 0.333]","[0, 0, 3.497, 2.0, 3.0, 2.514, 2.0, 2.0, 0, 4.0]"
47,0,flowchart,2020-09-30 23:49:45.970237,2020-09-30 23:57:36.52637,2020-10-01 00:02:23.037547,12.2,2,College degree,No,52,Male,Yes.,It leads you to the potentially higher reward by providing the proper choice when confronted with and unknown.,,0,4,"[6, 4, 6, 5, 6, 5, 4, 3, 7, 5]","[19, 26, 14, 15, 4, 20, 26, 27, 3, 10]",164.0,16.4,"[19, 26, 14, 15, 4, 20, 26, 27, 3, 10]",0.5611,"[0.857, 0.8, 0.429, 0.429, 0.571, 0.429, 0.5, 0.4, 0.625, 0.571]","[0, 0, 0, 2.0, 0, 2.0, 2.0, 2.0, 0, 2.0]"
48,0,flowchart,2020-09-30 23:49:36.436182,2020-09-30 23:57:47.052389,2020-10-01 00:06:30.631789,16.7,1,College degree,No,49,Male ,Somewhat. ,A cautious revealing of values to avoid the possibility of the biggest losses.,,0,4,"[4, 5, 5, 3, 5, 3, 2, 5, 5, 3]","[16, -5, 10, 12, 5, 12, 18, 5, 5, 12]",90.0,9.0,"[11, -10, 5, 2, 15, 2, 13, -5, 5, 22]",0.5146,"[0.222, 0.5, 0.625, 0.333, 1.0, 0.333, 0.2, 0.5, 0.833, 0.6]","[5.0, 3.0, 3.0, 3.0, 0, 3.0, 3.0, 3.0, 0, 2.0]"
49,0,flowchart,2020-09-30 23:52:49.577457,2020-09-30 23:57:55.524103,2020-10-01 00:01:16.745442,8.3,1,High school graduate,No,46,male,Not really but i tried,Follow the one that might have a +10,,1,4,"[0, 1, 1, 1, 1, 1, 1, 1, 1, 1]","[0, -1, -1, 4, 4, 9, -1, -1, -1, 9]",21.0,2.1,"[-5, 9, 29, -16, -11, 9, -6, -6, 4, 14]",0.1,"[0.0, 0.0, 0.0, 0.0, 0.0, 0.5, 0.0, 0.0, 0.0, 0.5]","[5.793, 4.738, 3.338, 4.792, 6.77, 0, 4.762, 6.392, 6.193, 0]"
50,0,flowchart,2020-09-30 23:58:08.040197,2020-10-01 00:07:03.469191,2020-10-01 00:29:24.911212,31.0,1,College degree,Yes,54,female,No. It made no sense at all.,I couldn't,"Super confusing. Was I supposed to follow the path once nothing more could be clicked? There needed to be a simple step that said once nothing more can be clicked then move the monkey. But sometimes at that point there were multiple ways I could have gone. Also I took +10 to mean that there was a +10 node in the path, not that all the nodes in the path would add up to 10 or more. So there instructions weren't literal enough for me.",0,4,"[7, 2, 7, 3, 10, 4, 4, 4, 5, 12]","[3, 3, 3, 17, -20, 6, -4, 11, 5, -12]",12.0,1.2,"[3, 3, 3, 17, -20, 6, -14, 16, 5, -12]",0.7392,"[0.875, 0.286, 0.625, 0.75, 0.818, 1.0, 1.0, 0.667, 0.833, 0.538]","[0, 5.0, 0, 0, 0, 0, 0, 2.0, 0, 0]"
51,0,flowchart,2020-10-01 00:06:38.489124,2020-10-01 00:11:18.221405,2020-10-01 00:15:51.68248,8.9,1,High school graduate,No,21,female,No clue,Use as much information in a flowchart to predict what path is the best,,0,4,"[3, 4, 3, 6, 6, 6, 6, 5, 6, 6]","[7, 11, 2, 9, -11, -6, 4, 0, 14, 4]",34.0,3.4,"[12, 6, 7, 14, -1, -1, 14, -10, 9, -11]",0.3809,"[0.167, 0.429, 0.6, 0.154, 1.0, 0.273, 0.429, 0.091, 0.222, 0.444]","[3.0, 3.0, 2.0, 7.0, 0, 5.0, 0, 6.0, 3.0, 3.0]"
52,0,flowchart,2020-10-01 00:12:41.477833,2020-10-01 00:16:44.619789,2020-10-01 00:21:55.846943,9.0,1,High school graduate,No,47,Female,"Not really, it was confusing. It seemed like you shouldn't click on anything according to the flowchart.",You try to find the best path with the most reward following the flow chart.,,0,4,"[4, 5, 5, 8, 9, 6, 3, 4, 6, 7]","[11, 15, -5, -13, -4, 4, 27, 26, -1, 13]",73.0,7.3,"[1, 25, 5, -13, -4, 4, 27, 26, -1, 13]",0.6785,"[0.667, 0.571, 0.833, 0.778, 0.7, 0.857, 0.4, 0.8, 0.429, 0.75]","[2.0, 2.0, 0, 0, 0, 0, 2.0, 0, 0, 0]"
53,0,flowchart,2020-09-30 22:45:23.216718,2020-09-30 22:49:45.410719,2020-09-30 22:55:07.639421,9.4,1,College degree,No,45,Male,Sort of.,If there is an unoccupied node on lvl 1or 2 click on it.,,0,4,"[2, 1, 2, 2, 2, 1, 1, 5, 3, 3]","[3, 9, 8, 3, 3, 9, 4, 10, 7, 7]",63.0,6.3,"[18, -1, 28, -2, 3, 9, 24, 15, -3, 2]",0.3254,"[0.5, 0.25, 0.4, 0.333, 0.321, 0.25, 0.2, 0.5, 0.333, 0.167]","[2.0, 3.0, 3.0, 4.0, 4.24, 3.0, 4.0, 3.0, 3.0, 3.0]"
54,0,flowchart,2020-10-01 00:23:16.725831,2020-10-01 00:28:46.717071,2020-10-01 00:32:20.421352,8.9,1,College degree,Yes,-,-,-,-,,0,4,"[3, 3, 3, 3, 3, 3, 3, 3, 3, 3]","[7, -8, 7, 7, 7, 2, 7, 2, 2, 2]",35.0,3.5,"[12, -8, 12, -8, 22, -8, -13, -3, 17, 7]",0.3305,"[0.333, 0.429, 0.11, 0.2, 0.167, 0.6, 0.333, 0.4, 0.4, 0.333]","[3.0, 4.0, 6.075, 7.0, 3.0, 2.0, 3.0, 2.0, 2.0, 3.0]"
55,0,flowchart,2020-10-01 00:29:24.018519,2020-10-01 00:39:12.858623,2020-10-01 00:54:38.072665,24.8,1,College degree,No,60,male,I think I eventually got it after a few tries.,"Click on a green node on level 1 or 2, if the node is a negative number choose a green node on a different path. If the node shows a +5 click on a green node on the next level in the same path. If it is negative choose the other green node. If it is positive and the path stays green, move the monkey along the green path.",,0,4,"[7, 5, 4, 6, 3, 2, 4, 5, 2, 3]","[8, 15, 16, 4, 17, 18, 16, -5, 8, 7]",104.0,10.4,"[8, 15, 16, 4, 17, 13, 26, 5, 3, 12]",0.5034,"[0.4, 0.667, 0.6, 0.571, 0.75, 0.5, 0.667, 0.429, 0.25, 0.2]","[3.0, 0, 0, 0, 0, 2.0, 2.0, 2.0, 2.0, 2.0]"
56,0,flowchart,2020-10-01 00:53:26.648267,2020-10-01 01:07:45.270148,2020-10-01 01:11:24.769391,15.8,7,College degree,No,30,female,Yes,Click the top for the prize,,0,4,"[2, 2, 3, 2, 2, 3, 3, 4, 3, 3]","[-2, 3, 7, 3, 8, 7, 2, 11, -3, 7]",43.0,4.3,"[-12, -12, 2, 3, 23, 7, 7, 21, 2, 27]",0.1551,"[0.182, 0.134, 0.235, 0.0, 0.333, 0.25, 0.0, 0.167, 0.0, 0.25]","[3.489, 5.487, 5.494, 4.089, 0, 0, 4.112, 2.0, 4.099, 0]"
57,0,flowchart,2020-09-30 22:14:23.61367,2020-09-30 22:21:40.925228,,-,1,-,-,-,-,-,-,-,0,6,[],[],0.0,,[],,[],[]
58,0,flowchart,2020-09-30 22:17:34.123352,2020-09-30 22:38:41.411045,,-,2,-,-,-,-,-,-,-,0,6,[3],[22],22.0,22.0,[22],0.4,[0.4],[2.0]
59,0,flowchart,2020-09-30 22:50:23.764122,2020-09-30 22:59:14.656691,,-,1,-,-,-,-,-,-,-,0,6,"[1, 2, 3, 5, 8, 4, 2, 3, 2, 4]","[9, 3, -3, 0, 12, 6, 8, 7, 18, 11]",71.0,7.1,"[4, -12, 2, -10, 12, 6, 13, -3, 23, 1]",0.4606,"[0.151, 0.126, 0.235, 0.571, 0.556, 0.8, 0.4, 0.6, 0.5, 0.667]","[5.613, 5.965, 5.511, 2.0, 0, 0, 3.0, 2.0, 2.0, 2.0]"
60,0,flowchart,2020-09-30 23:43:04.087816,2020-09-30 23:47:09.021957,2020-09-30 23:51:14.685445,8.0,2,College degree,No,32,Female,Sometimes,Make the monkey go up the tree to get the highest reward.,,0,4,"[12, 5, 12, 4, 12, 12, 10, 12, 12, 1]","[3, 25, 3, 11, -12, 13, 0, -7, -7, 9]",38.0,3.8,"[3, 25, 3, 21, -12, 13, 0, -7, -7, -11]",0.4841,"[0.615, 0.571, 0.385, 0.6, 0.385, 0.308, 0.727, 0.308, 0.692, 0.25]","[0, 2.0, 0, 0, 0, 0, 0, 0, 0, 3.0]"
61,0,flowchart,2020-09-30 23:37:48.020884,2020-09-30 23:45:10.581429,2020-09-30 23:49:34.707886,11.6,2,College degree,Yes,,,,,,8,4,"[0, 0, 0, 0, 0, 6, 3, 0, 0, 0]","[0, 0, 0, 0, 0, 4, 7, 0, 0, 0]",11.0,1.1,"[0, 25, 10, 10, 30, 19, -13, 20, -25, -10]",0.038,"[0.0, 0.0, 0.0, 0.0, 0.0, 0.143, 0.237, 0.0, 0.0, 0.0]","[3.908, 4.965, 5.197, 5.622, 4.646, 0, 5.44, 4.705, 4.967, 5.616]"
62,0,flowchart,2020-10-01 00:11:34.521213,2020-10-01 00:17:32.175443,2020-10-01 00:22:18.897787,10.4,1,High school graduate,No,34,male,no I was confused,I really couldn't sorry,"Sorry, my brain isn't working today.",0,4,"[10, 8, 8, 7, 6, 5, 3, 2, 1, 4]","[0, 7, -3, 3, 4, 0, 22, 8, 4, 26]",71.0,7.1,"[0, 7, -3, 3, 4, 0, 22, -7, 9, 26]",0.179,"[0.364, 0.0, 0.2, 0.25, 0.143, 0.5, 0.0, 0.333, 0.0, 0.0]","[0, 3.0, 2.0, 0, 0, 0, 2.0, 0, 4.091, 2.0]"
63,0,flowchart,2020-09-30 23:40:06.374542,2020-09-30 23:43:52.929957,2020-09-30 23:47:25.330864,7.2,1,College degree,No,31,male,yes,floow the best path,,10,4,"[0, 0, 0, 0, 0, 0, 0, 0, 0, 0]","[0, 0, 0, 0, 0, 0, 0, 0, 0, 0]",0.0,0.0,"[-10, 10, -10, -5, 25, 10, -25, -30, 5, 20]",0.0,"[0.0, 0.0, 0.0, 0.0, 0.0, 0.0, 0.0, 0.0, 0.0, 0.0]","[6.17, 4.472, 5.605, 4.128, 4.841, 5.745, 5.842, 5.025, 6.605, 3.904]"
64,0,flowchart,2020-09-30 23:33:23.167739,2020-09-30 23:45:04.683896,2020-09-30 23:49:54.280358,16.4,4,College degree,No,39,female,yes,move according to the suggestions given by the flowchart only.,A good game!,10,4,"[0, 0, 0, 0, 0, 0, 0, 0, 0, 0]","[0, 0, 0, 0, 0, 0, 0, 0, 0, 0]",0.0,0.0,"[10, -5, 10, -10, 25, -10, -25, 5, 10, 5]",0.0,"[0.0, 0.0, 0.0, 0.0, 0.0, 0.0, 0.0, 0.0, 0.0, 0.0]","[4.921, 6.158, 4.745, 4.668, 4.451, 5.716, 5.861, 4.937, 4.083, 5.251]"
65,0,flowchart,2020-09-30 22:48:17.555388,2020-09-30 22:54:00.257432,2020-09-30 22:58:57.764544,10.5,2,College degree,No,25,male,Based on risk vs reward,I would describe to go with the green dots and avoid going without revealing at least two positive circles,none,0,4,"[2, 9, 12, 6, 3, 4, 7, 3, 2, 5]","[13, 21, -7, -1, 7, 11, -7, 12, 8, 5]",62.0,6.2,"[8, 21, -7, 4, -3, 21, -12, 17, 13, -5]",0.4907,"[0.667, 0.455, 0.385, 0.571, 0.125, 1.0, 0.625, 0.4, 0.25, 0.429]","[0, 2.0, 0, 0, 5.026, 0, 0, 2.0, 2.0, 2.0]"
66,0,flowchart,2020-09-30 22:50:59.596861,2020-09-30 22:57:05.234451,2020-09-30 23:02:28.644624,11.1,1,High school graduate,No,33,Female,Yes,Click on the nodes closest to the monkey first to determine which route may be better than the others.,,0,4,"[2, 3, 2, 1, 1, 3, 5, 4, 3, 5]","[13, 17, 8, 9, 4, 12, 5, -4, -3, 0]",61.0,6.1,"[8, 22, 3, 24, 4, 17, 10, 1, 7, 10]",0.5016,"[0.4, 0.333, 0.4, 0.25, 0.131, 0.333, 1.0, 1.0, 0.544, 0.625]","[3.0, 3.0, 3.0, 3.0, 6.642, 3.0, 0, 0, 2.511, 3.0]"
67,0,flowchart,2020-09-30 22:52:23.917343,2020-09-30 22:59:50.290765,2020-09-30 23:08:53.098844,16.1,1,College degree,No,25,Female,"Yes but sometimes I was trying to not to loose that much dollars for ""uncovering"" the nods so I did not click on all the nods according to the flowchart",You have to follow the flowchart and click on the nods according to the instructions in there,,0,4,"[8, 5, 6, 4, 6, 4, 5, 3, 5, 2]","[-3, 25, -1, 11, 4, 11, 5, 22, 5, 8]",87.0,8.7,"[-3, 25, -1, 11, 4, 11, 5, 22, 15, -2]",0.6633,"[0.444, 0.571, 0.714, 0.8, 0.857, 0.8, 0.714, 0.4, 0.833, 0.5]","[0, 2.0, 0, 0, 0, 0, 2.0, 2.0, 0, 2.0]"
68,0,flowchart,2020-09-30 22:56:16.621732,2020-09-30 23:02:35.926722,2020-09-30 23:19:48.372717,23.3,1,College degree,No,35,female,Not really,"Click a node on the first level. If it is positive and not 10, click the next dot on the second level, but if it is 10, click the dots on the third level of the same branch. If it is negative, click a dot of a different branch.",,0,4,"[4, 2, 2, 4, 3, 4, 4, 3, 6, 3]","[-4, 8, 8, 6, 7, 21, 6, 2, 9, 17]",80.0,8.0,"[1, 13, -12, -9, 7, 21, 11, -8, 9, 17]",0.5566,"[0.143, 0.2, 0.271, 0.571, 0.4, 0.667, 1.0, 1.0, 0.714, 0.6]","[3.0, 3.0, 5.372, 3.0, 2.0, 2.0, 0, 0, 0, 2.0]"
69,0,flowchart,2020-09-30 22:57:00.461879,2020-09-30 23:05:48.918801,2020-09-30 23:13:22.495019,16.0,1,College degree,No,57,Male,Yes,"First, hopefully you get lucky with first pick when using flowchart, if not pick again to find the green path.  then use the flow chart to follow to the top.",,0,4,"[12, 6, 12, 5, 4, 3, 3, 3, 7, 3]","[-7, 9, 8, 25, 11, 17, 2, 22, -12, 17]",92.0,9.2,"[-7, 9, 8, 25, 11, 17, 17, 22, -12, 12]",0.5918,"[0.462, 0.857, 0.462, 0.833, 0.6, 0.6, 0.429, 0.4, 0.875, 0.4]","[0, 0, 0, 0, 0, 2.0, 4.0, 2.0, 0, 2.0]"
70,0,flowchart,2020-09-30 23:10:33.911603,2020-09-30 23:14:59.355023,2020-09-30 23:19:47.561159,8.9,1,College degree,No,37,female,It was difficult to make sure I know. I thought I understood it but then I got a negative result at one point.,Look for the negative 10s and avoid them,,0,4,"[9, 12, 9, 9, 5, 7, 12, 5, 9, 7]","[11, 3, 6, 11, 10, 3, -7, 10, -4, -2]",41.0,4.1,"[1, 3, 11, 16, 5, 8, -7, 20, 1, 3]",0.3938,"[0.4, 0.385, 0.091, 0.545, 0.333, 0.222, 0.462, 0.667, 0.333, 0.5]","[0, 0, 2.0, 2.0, 0, 2.0, 0, 0, 3.0, 0]"
71,0,flowchart,2020-09-30 23:12:53.7386,2020-09-30 23:18:36.183926,2020-09-30 23:23:45.692007,10.0,1,College degree,No,52,female,Not really.,Click on a node and follow the path to collect the most money.,I did your hit but no code to enter when I submit it.,6,4,"[0, 0, 0, 0, 0, 3, 12, 0, 4, 2]","[0, 0, 0, 0, 0, 7, -2, 0, 6, 8]",19.0,1.9,"[0, 10, -5, -10, 20, 22, -2, 10, 6, 13]",0.1535,"[0.0, 0.0, 0.0, 0.0, 0.0, 0.5, 0.385, 0.0, 0.4, 0.25]","[4.929, 4.487, 4.094, 6.274, 4.69, 3.0, 0, 4.103, 0, 2.0]"
72,0,flowchart,2020-09-30 23:06:42.333571,2020-09-30 23:19:41.860173,2020-09-30 23:30:33.472901,23.6,3,College degree,Yes,69,female,Yes but it took some time,follow the directions carefully. look for the $10 and be sure to do what it says.,,0,4,"[3, 2, 2, 2, 3, 6, 3, 4, 4, 4]","[2, 3, -2, 3, 2, 4, 22, 6, 6, 26]",72.0,7.2,"[-13, -12, 8, 3, -18, 4, 22, 11, 16, 26]",0.4936,"[0.5, 0.267, 0.309, 0.362, 0.284, 0.714, 0.4, 0.6, 1.0, 0.5]","[3.0, 5.494, 4.464, 3.52, 4.032, 0, 2.0, 0, 0, 2.0]"
73,0,flowchart,2020-09-30 23:13:09.360452,2020-09-30 23:24:36.665331,2020-09-30 23:32:33.555363,19.2,3,College degree,No,46,Female,"Yes, not fully, but yes, it's like you have to forecast the best movement for the monkey to get more money, you realize more while playing, by reading it was a bit harder.",You have three paths for monkeys. All of them has points. Your task is to collect maximum points. You have a flowchart as help to make sure which path has more points to grab. Be careful cause some of points have negative value so you will lose money. ,"The game was great, I liked it so much!!! I feel you should do two rounds, cause I would like to change my strategy but there were only 10 attempts. Thank you!",0,4,"[12, 12, 7, 4, 6, 5, 8, 4, 7, 7]","[3, -7, 13, 21, 9, 5, 17, 6, -2, -7]",58.0,5.8,"[3, -7, 13, 21, 9, 5, 17, 6, -17, -7]",0.564,"[0.308, 0.462, 0.625, 0.667, 0.714, 0.286, 0.778, 0.8, 0.375, 0.625]","[0, 0, 0, 2.0, 0, 2.0, 0, 0, 0, 0]"
74,0,flowchart,2020-09-30 23:00:03.632329,2020-09-30 23:07:27.22299,2020-09-30 23:16:52.472244,16.4,1,College degree,Yes,56,Female,To a small degree.  It would have taken me quite a few more tries to get it going.,"Click on all nodes on levels 1 and 2.  Choose the green path, then click on one node on level 3.  If that is a negative number, move monkey through green path and at level 3 choose unobserved node.",This was the best survey I've completed.  Would love to see this as a game for mobile devices.  Thank you.,0,4,"[3, 3, 6, 8, 7, 5, 4, 6, 8, 4]","[7, 7, 9, 17, 23, 15, 1, -1, -3, 1]",76.0,7.6,"[2, 7, 4, 17, 23, 15, 6, -1, -3, -9]",0.4728,"[0.111, 0.333, 0.154, 0.273, 0.333, 0.333, 0.667, 0.857, 0.667, 1.0]","[6.0, 3.0, 7.0, 3.0, 5.0, 4.0, 2.0, 0, 0, 0]"
75,0,flowchart,2020-09-30 23:16:57.701392,2020-09-30 23:26:39.359199,2020-09-30 23:33:42.08731,16.5,1,College degree,Yes,45,male,I do not think so.,I wouldn't because I clearly didn't get it.,,0,4,"[4, 6, 4, 4, 4, 3, 4, 7, 6, 3]","[16, -1, 11, 16, -4, 7, 11, -2, -16, 7]",45.0,4.5,"[21, -1, 16, 26, 6, -3, 1, -2, -16, -13]",0.3856,"[0.286, 0.857, 0.143, 0.1, 0.286, 1.0, 0.143, 0.3, 0.455, 0.286]","[3.0, 0, 3.0, 6.0, 3.0, 0, 3.0, 3.0, 5.0, 4.0]"
76,0,flowchart,2020-09-30 23:22:26.291759,2020-09-30 23:27:10.433676,2020-09-30 23:34:33.130839,11.8,1,College degree,No,40,Male,I think so.,Click until the first two rows until you got a +10 then clear the nodes above.,,0,4,"[3, 6, 9, 12, 7, 5, 6, 8, 9, 8]","[7, 9, 1, -7, 3, 5, -1, 2, -4, 7]",22.0,2.2,"[-3, -1, 1, -7, 3, 5, -1, 2, -4, 17]",0.5058,"[0.5, 0.222, 0.5, 0.308, 0.625, 0.333, 0.714, 0.556, 0.6, 0.7]","[3.0, 3.0, 0, 0, 0, 0, 0, 0, 0, 2.0]"
77,0,flowchart,2020-09-30 23:29:17.756897,2020-09-30 23:33:44.827383,2020-09-30 23:38:30.218091,9.0,1,College degree,No,45,Male,No. I had a very hard time following the strategy. ,"Click on green dots, and try to make the most money. ",,0,4,"[7, 5, 5, 6, 3, 7, 5, 3, 5, 4]","[-12, 0, 5, -1, 2, 13, 5, 12, 20, 11]",55.0,5.5,"[-12, 0, -5, -1, -3, 13, 10, 2, 20, 21]",0.556,"[0.875, 0.667, 0.429, 0.143, 0.267, 0.875, 0.833, 0.4, 0.571, 0.5]","[0, 0, 2.0, 0, 4.5, 0, 0, 2.0, 2.0, 2.0]"
78,0,flowchart,2020-09-30 23:30:19.271129,2020-09-30 23:37:33.2364,2020-09-30 23:42:39.309541,11.9,2,College degree,No,-,-,-,-,,2,4,"[1, 1, 1, 0, 1, 1, 0, 1, 1, 1]","[4, 9, 9, 0, -1, -1, 0, -1, -1, -1]",17.0,1.7,"[4, 19, 14, -25, -6, -6, -5, -6, -11, 19]",0.1552,"[0.138, 0.25, 0.25, 0.0, 0.166, 0.165, 0.0, 0.173, 0.16, 0.25]","[6.254, 3.0, 3.0, 5.25, 5.023, 5.071, 6.126, 4.774, 5.254, 3.0]"
79,0,flowchart,2020-09-30 23:32:44.926548,2020-09-30 23:38:30.746897,2020-09-30 23:43:42.710341,10.8,1,College degree,Yes,36,male,yes,pick the best path ,nope,0,4,"[10, 3, 4, 9, 10, 6, 3, 8, 12, 4]","[0, 7, 6, 1, -10, 14, 7, 12, -2, 11]",46.0,4.6,"[0, -8, 1, 1, -5, 9, -13, 12, -2, 6]",0.4299,"[0.545, 0.143, 0.8, 0.5, 0.636, 0.091, 0.5, 0.556, 0.385, 0.143]","[0, 4.0, 0, 0, 0, 5.0, 3.0, 0, 0, 3.0]"
80,0,flowchart,2020-09-30 23:22:48.537589,2020-09-30 23:24:57.626676,2020-09-30 23:28:46.047268,5.8,1,College degree,No,40,Female,I didn't really understand it at all.,"I'm not sure I could explain it. It didn't make sense. The monkey couldn't go backward, so it wasn't helpful to tell us how to click.",,9,4,"[12, 0, 0, 0, 0, 0, 0, 0, 0, 0]","[-2, 0, 0, 0, 0, 0, 0, 0, 0, 0]",-2.0,-0.2,"[-22, -10, 0, 25, 5, -20, 20, 5, 25, 10]",0.0462,"[0.462, 0.0, 0.0, 0.0, 0.0, 0.0, 0.0, 0.0, 0.0, 0.0]","[0, 8.068, 4.786, 5.045, 4.106, 5.266, 3.906, 5.257, 4.843, 5.046]"
81,0,flowchart,2020-09-30 23:33:14.787787,2020-09-30 23:42:15.97697,2020-09-30 23:46:30.03735,13.1,2,College degree,No,24,female,no,don't do what i did. click till you find what is best,,1,4,"[1, 0, 3, 4, 3, 5, 5, 7, 6, 6]","[4, 0, 2, 6, 7, 25, 5, 8, -11, 14]",60.0,6.0,"[-1, -5, 2, 6, -8, 25, 5, 8, -11, -11]",0.3432,"[0.333, 0.0, 0.333, 0.8, 0.105, 0.571, 0.286, 0.375, 0.2, 0.429]","[2.0, 5.482, 3.0, 0, 6.562, 2.0, 2.0, 0, 4.0, 0]"
82,1,actionfeedback,2020-09-30 22:14:50.7957,2020-09-30 22:20:57.092132,2020-09-30 22:26:53.440765,11.8,0,College degree,No,47,Male,-,-,This was a fun survey. Thanks for the opportunity.,0,4,"[12, 12, 9, 10, 12, 9, 9, 11, 10, 5]","[-2, 13, 11, 20, -2, 1, 6, 4, -5, 15]",61.0,6.1,"[-2, 13, 11, 20, -7, 1, 6, 4, -5, 15]",0.4061,"[0.462, 0.231, 0.4, 0.545, 0.308, 0.6, 0.4, 0.231, 0.455, 0.429]","[0, 0, 0, 0, 0, 0, 0, 2.0, 0, 2.0]"
83,1,actionfeedback,2020-09-30 22:17:01.262421,2020-09-30 22:21:31.073709,2020-09-30 22:25:30.401922,8.1,0,High school graduate,No,35,female,-,-,,0,4,"[3, 4, 6, 1, 6, 4, 5, 5, 2, 3]","[7, 6, 4, 9, -1, 6, 5, 15, 13, 12]",76.0,7.6,"[7, -9, -1, 24, -1, -4, -10, 5, 18, 17]",0.3002,"[0.25, 0.2, 0.143, 0.5, 0.0, 0.2, 0.167, 0.375, 0.667, 0.5]","[0, 0, 0, 0, 5.729, 0, 0, 3.0, 0, 0]"
84,1,actionfeedback,2020-09-30 22:14:57.065336,2020-09-30 22:21:54.89169,2020-09-30 22:27:32.535354,9.6,0,College degree,Yes,57,Male,-,-,Very interesting game,0,4,"[7, 5, 7, 7, 9, 6, 7, 5, 7, 4]","[13, 0, 13, 3, -4, 4, 8, 10, 3, 11]",61.0,6.1,"[3, -10, 23, 8, -4, 14, -12, 15, 8, -9]",0.431,"[0.875, 0.3, 0.625, 0.333, 0.417, 0.105, 0.444, 0.667, 0.211, 0.333]","[0, 5.0, 0, 2.0, 3.0, 3.517, 2.0, 0, 2.499, 2.0]"
85,1,actionfeedback,2020-09-30 22:19:40.850895,2020-09-30 22:23:33.282191,2020-09-30 22:26:55.918686,7.1,0,College degree,No,25,Female,-,-,,0,4,"[3, 5, 9, 5, 6, 7, 4, 9, 9, 9]","[7, 10, 1, 5, 9, 8, 1, -4, 6, 21]",64.0,6.4,"[22, 15, 1, -5, 14, 18, -9, 1, 6, 21]",0.5548,"[0.235, 1.0, 0.4, 0.286, 0.571, 0.556, 0.8, 0.4, 0.5, 0.8]","[5.494, 0, 0, 2.0, 0, 2.0, 0, 0, 0, 0]"
86,1,actionfeedback,2020-09-30 22:18:10.915796,2020-09-30 22:23:34.170137,2020-09-30 22:27:57.026056,9.7,0,High school graduate,No,46,female,-,-,,0,4,"[12, 12, 12, 8, 12, 4, 6, 6, 8, 10]","[3, -12, -2, 2, -12, 21, 9, 9, 22, 10]",50.0,5.0,"[3, -12, -2, 2, -12, 21, 9, 9, 22, 10]",0.5375,"[0.462, 0.538, 0.385, 0.667, 0.462, 0.8, 0.714, 0.571, 0.231, 0.545]","[0, 0, 0, 0, 0, 0, 0, 0, 5.0, 0]"
87,1,actionfeedback,2020-09-30 22:20:01.082616,2020-09-30 22:25:40.874069,2020-09-30 22:30:11.877267,9.8,0,College degree,No,39,male,-,-,Thank you,0,4,"[6, 5, 5, 5, 12, 5, 7, 5, 7, 11]","[9, 10, 15, 10, 8, 0, -7, 10, -2, 9]",62.0,6.2,"[9, 15, 10, 0, 8, -5, -2, 15, -7, 9]",0.5586,"[0.429, 0.667, 0.667, 0.833, 0.462, 0.833, 0.111, 0.667, 0.5, 0.417]","[0, 0, 0, 0, 0, 0, 2.0, 0, 0, 0]"
88,1,actionfeedback,2020-09-30 22:27:21.974934,2020-09-30 22:34:00.903772,2020-09-30 22:38:33.828117,11.1,0,College degree,Yes,44,Male,-,-,none,0,4,"[10, 8, 6, 6, 10, 10, 12, 10, 8, 12]","[0, 12, 4, 4, 15, 0, -2, 15, 2, 13]",63.0,6.3,"[0, 12, 4, -6, 15, 0, -2, 15, 2, 13]",0.1809,"[0.273, 0.111, 0.143, 0.143, 0.182, 0.182, 0.154, 0.091, 0.222, 0.308]","[0, 0, 0, 0, 0, 0, 0, 0, 0, 0]"
89,1,actionfeedback,2020-09-30 22:26:02.793939,2020-09-30 22:30:34.019974,2020-09-30 22:34:17.101627,8.0,0,High school graduate,No,53,Male,-,-,,10,4,"[0, 0, 0, 0, 0, 0, 0, 0, 0, 0]","[0, 0, 0, 0, 0, 0, 0, 0, 0, 0]",0.0,0.0,"[15, 10, -5, -10, -5, 0, -5, 0, 0, 0]",0.0,"[0.0, 0.0, 0.0, 0.0, 0.0, 0.0, 0.0, 0.0, 0.0, 0.0]","[4.736, 4.136, 4.111, 5.994, 6.1, 7.0, 6.152, 3.734, 3.957, 5.452]"
90,1,actionfeedback,2020-09-30 22:29:06.962223,2020-09-30 22:37:45.804083,2020-09-30 22:44:52.123313,15.4,0,College degree,Yes,35,Female,-,-,Some of the wording on the comprehension questions was very strange. I had to redo the training multiple times because I didn't understand them and whether or not they were included in the training. ,3,4,"[3, 3, 6, 3, 0, 4, 0, 0, 3, 1]","[2, 7, 4, -3, 0, 6, 0, 0, 2, 9]",27.0,2.7,"[-8, -13, 4, 7, -15, -9, -10, 10, 12, -1]",0.1093,"[0.0, 0.25, 0.143, 0.0, 0.0, 0.2, 0.0, 0.0, 0.0, 0.5]","[5.616, 0, 0, 4.018, 4.638, 0, 5.688, 3.9, 3.0, 0]"
91,1,actionfeedback,2020-09-30 22:14:16.267896,2020-09-30 22:18:17.35233,2020-09-30 22:22:58.808121,8.4,0,High school graduate,No,45,Female,-,-,Thanks for the Turk work!,7,4,"[0, 0, 0, 3, 3, 0, 0, 0, 0, 3]","[0, 0, 0, 7, -8, 0, 0, 0, 0, 2]",1.0,0.1,"[10, -10, -15, 2, -8, 15, -5, -5, -20, 2]",0.1096,"[0.0, 0.0, 0.0, 0.5, 0.429, 0.0, 0.0, 0.0, 0.0, 0.167]","[5.526, 4.09, 3.987, 3.0, 4.0, 5.439, 5.689, 5.179, 3.941, 3.0]"
92,1,actionfeedback,2020-09-30 22:29:40.974708,2020-09-30 22:36:13.968424,2020-09-30 22:40:11.068858,10.2,0,College degree,No,38,Woman,-,-,This was fun. Thanks! ,0,4,"[9, 12, 3, 4, 4, 4, 9, 4, 6, 5]","[1, -2, 17, 16, -9, 11, -4, 6, 9, 10]",55.0,5.5,"[1, -2, 27, 26, -4, 1, -4, 6, 19, 15]",0.6311,"[0.5, 0.385, 1.0, 1.0, 0.301, 1.0, 0.4, 0.6, 0.625, 0.5]","[0, 0, 0, 0, 2.653, 0, 0, 0, 2.0, 0]"
93,1,actionfeedback,2020-09-30 22:31:03.306014,2020-09-30 22:36:13.265978,2020-09-30 22:42:01.449032,10.5,0,College degree,No,33,female,-,-,,0,4,"[5, 6, 4, 8, 5, 6, 8, 8, 7, 6]","[10, 9, 11, 2, 15, 24, 17, 2, 3, 14]",107.0,10.7,"[15, 4, 6, -3, 5, 24, 17, 2, -2, 14]",0.424,"[0.5, 0.429, 0.6, 0.1, 0.667, 0.714, 0.1, 0.444, 0.4, 0.286]","[0, 0, 0, 2.0, 0, 0, 2.0, 0, 3.0, 0]"
94,1,actionfeedback,2020-09-30 22:32:32.841187,2020-09-30 22:36:09.117337,2020-09-30 22:39:57.12514,7.2,0,High school graduate,No,31,female,-,-,It was very fun/interesting!  If I ever get a chance to try again I'm sure I will do better...lol :),0,4,"[8, 4, 9, 8, 6, 12, 10, 6, 5, 8]","[7, 1, -4, 7, 4, -7, 0, 4, 20, 12]",44.0,4.4,"[2, 1, -9, 7, 4, -7, -10, 19, 20, 7]",0.4894,"[0.444, 0.6, 0.4, 0.444, 0.143, 0.692, 0.417, 0.143, 0.833, 0.778]","[0, 0, 0, 0, 0, 0, 2.0, 0, 0, 0]"
95,1,actionfeedback,2020-09-30 22:19:08.074171,2020-09-30 22:27:02.181125,2020-09-30 22:32:16.507891,11.8,0,College degree,No,31,female,-,-,,1,4,"[2, 6, 6, 6, 5, 3, 2, 5, 9, 0]","[3, 4, 4, 4, 5, 7, 3, 5, -4, 0]",31.0,3.1,"[-2, 19, 24, -16, 5, 7, -2, 20, 6, 5]",0.1113,"[0.0, 0.143, 0.143, 0.143, 0.167, 0.25, 0.0, 0.167, 0.1, 0.0]","[5.761, 0, 0, 0, 0, 0, 5.772, 0, 0, 5.254]"
96,1,actionfeedback,2020-09-30 22:14:01.320877,2020-09-30 22:18:10.960603,2020-09-30 22:21:55.160025,7.7,0,College degree,No,24,female,-,-,,8,4,"[0, 0, 0, 0, 0, 0, 0, 1, 1, 0]","[0, 0, 0, 0, 0, 0, 0, 4, 9, 0]",13.0,1.3,"[10, 15, -10, -15, 5, -10, 30, -6, 4, 10]",0.0297,"[0.0, 0.0, 0.0, 0.0, 0.0, 0.0, 0.0, 0.163, 0.134, 0.0]","[4.995, 5.269, 5.514, 5.929, 5.244, 4.639, 4.414, 5.12, 6.465, 5.749]"
97,1,actionfeedback,2020-09-30 22:05:49.65568,2020-09-30 22:11:30.526345,2020-09-30 22:16:02.428582,9.8,0,High school graduate,No,31,Female,-,-,I enjoyed this HIT and would like to complete similar HITS.,2,4,"[3, 4, 0, 0, 1, 3, 2, 3, 1, 2]","[2, -4, 0, 0, 4, 7, 8, 7, 4, -2]",26.0,2.6,"[-3, -9, 5, -20, 24, 2, -2, 27, 19, 23]",0.2662,"[0.0, 0.196, 0.0, 0.0, 0.2, 0.5, 0.5, 0.6, 0.333, 0.333]","[3.779, 6.229, 5.727, 5.837, 4.0, 3.0, 2.0, 2.0, 2.0, 4.0]"
98,1,actionfeedback,2020-09-30 22:11:27.588421,2020-09-30 22:16:46.481868,2020-09-30 22:22:27.037009,10.8,0,College degree,No,44,male,-,-,no,0,4,"[2, 2, 4, 5, 7, 3, 5, 5, 5, 4]","[-2, 3, 1, 10, 3, 7, 10, 5, 5, -4]",38.0,3.8,"[23, -2, 1, 15, 3, 12, 20, 10, 0, -14]",0.3484,"[0.308, 0.5, 0.333, 0.25, 0.5, 0.167, 0.2, 0.667, 0.273, 0.286]","[4.486, 2.0, 2.0, 3.0, 0, 3.0, 5.0, 0, 6.0, 3.0]"
99,1,actionfeedback,2020-09-30 22:31:38.560304,2020-09-30 22:38:11.515091,2020-09-30 22:43:31.500386,11.7,0,High school graduate,No,41,Male,-,-,"No comments, thank you.",0,4,"[3, 2, 3, 2, 3, 3, 3, 3, 3, 3]","[7, 8, 7, -2, 2, 7, 7, 7, 2, 7]",52.0,5.2,"[7, -7, 12, -12, 17, 7, -8, 7, 2, -8]",0.2907,"[0.5, 0.4, 0.333, 0.4, 0.2, 0.25, 0.167, 0.333, 0.181, 0.143]","[3.0, 3.0, 3.0, 3.0, 2.0, 5.0, 3.0, 3.0, 2.52, 4.0]"
100,1,actionfeedback,2020-09-30 23:08:23.031805,2020-09-30 23:16:05.267871,2020-09-30 23:19:46.612004,11.1,0,High school graduate,No,37,female,-,-,,0,3,"[3, 3, 3, 5, 6, 5, 5, 6, 5, 6]","[2, 7, 7, -10, 4, 10, 5, 9, 5, 9]",48.0,4.8,"[-3, -8, -18, -15, -1, 15, 20, -1, 15, 4]",0.3433,"[0.429, 0.167, 0.5, 0.667, 0.429, 0.2, 0.125, 0.444, 0.25, 0.222]","[4.0, 3.0, 3.0, 0, 0, 5.0, 3.0, 3.0, 3.0, 3.0]"
101,1,actionfeedback,2020-09-30 23:31:59.019602,2020-09-30 23:36:14.736369,2020-09-30 23:40:41.218281,8.4,0,College degree,No,30,Female,-,-,,3,3,"[3, 0, 0, 0, 6, 6, 6, 6, 6, 6]","[2, 0, 0, 0, 9, 9, 14, 4, 9, 14]",61.0,6.1,"[-18, -15, 30, -25, 14, 4, 19, -1, 19, 19]",0.2389,"[0.43, 0.0, 0.0, 0.0, 0.667, 0.182, 0.222, 0.222, 0.333, 0.333]","[3.97, 5.238, 5.216, 4.653, 3.0, 5.0, 3.0, 3.0, 3.0, 3.0]"
102,1,actionfeedback,2020-09-30 23:50:37.133643,2020-10-01 00:07:31.927827,2020-10-01 00:10:28.445488,19.7,0,College degree,Yes,24,Male,-,-,,0,3,"[3, 3, 3, 3, 3, 3, 3, 3, 3, 3]","[7, 7, 2, 7, 7, -8, 2, 2, 7, 2]",35.0,3.5,"[22, 2, 22, 7, -3, 12, 2, -3, -3, -3]",0.2004,"[0.1, 0.167, 0.286, 0.111, 0.167, 0.504, 0.182, 0.182, 0.105, 0.2]","[7.0, 3.0, 4.0, 6.0, 3.0, 2.948, 2.505, 2.5, 6.56, 2.0]"
103,1,actionfeedback,2020-09-30 22:02:21.246932,2020-09-30 22:05:44.838215,2020-09-30 22:09:26.565604,6.9,0,College degree,No,30,non-binary,-,-,,0,4,"[5, 9, 5, 8, 3, 8, 8, 9, 9, 5]","[20, -4, 15, -3, 22, 2, -8, 16, -9, 5]",56.0,5.6,"[20, -4, 15, -3, 22, 2, -8, 16, -9, 5]",0.6845,"[0.833, 0.6, 1.0, 0.667, 0.4, 0.556, 0.556, 0.6, 0.8, 0.833]","[0, 0, 0, 0, 2.0, 0, 0, 0, 0, 0]"
104,1,actionfeedback,2020-09-30 22:01:27.168244,2020-09-30 22:06:02.22576,2020-09-30 22:10:06.923659,8.3,0,College degree,No,33,Male,-,-,,0,4,"[3, 4, 3, 6, 5, 7, 3, 4, 2, 4]","[7, 6, 7, -1, 0, -12, 7, 6, 8, 1]",29.0,2.9,"[22, 6, 2, 4, -10, -2, -8, -4, 3, 1]",0.4409,"[0.75, 0.6, 0.4, 0.571, 0.23, 0.3, 0.6, 0.125, 0.5, 0.333]","[0, 0, 2.0, 0, 3.696, 3.0, 2.0, 4.0, 2.0, 2.0]"
105,1,actionfeedback,2020-09-30 22:12:46.850109,2020-09-30 22:17:07.469441,2020-09-30 22:20:04.879018,7.1,0,High school graduate,No,42,Female,-,-,Great survey!,10,4,"[0, 0, 0, 0, 0, 0, 0, 0, 0, 0]","[0, 0, 0, 0, 0, 0, 0, 0, 0, 0]",0.0,0.0,"[0, 20, 10, -5, 10, 5, 5, -10, 0, 10]",0.0,"[0.0, 0.0, 0.0, 0.0, 0.0, 0.0, 0.0, 0.0, 0.0, 0.0]","[5.909, 3.946, 4.139, 5.171, 4.595, 5.51, 5.865, 6.15, 6.035, 5.412]"
106,1,actionfeedback,2020-09-30 22:03:59.928795,2020-09-30 22:07:23.218087,2020-09-30 22:10:55.505476,6.8,0,College degree,No,35,female,-,-,Thanks for the survey.,0,4,"[3, 7, 9, 5, 7, 5, 8, 9, 9, 4]","[12, 13, -4, 15, 8, 10, -3, 6, -4, 16]",69.0,6.9,"[2, 8, 6, 5, 18, 0, -13, 11, -9, 26]",0.5439,"[1.0, 0.5, 0.2, 0.833, 0.333, 0.833, 0.2, 0.273, 0.6, 0.667]","[0, 0, 0, 0, 2.0, 0, 2.0, 2.0, 0, 2.0]"
107,1,actionfeedback,2020-09-30 22:02:31.951289,2020-09-30 22:11:54.367956,2020-09-30 22:17:18.913575,14.5,0,High school graduate,No,47,Male,-,-,,0,4,"[2, 2, 2, 2, 2, 4, 5, 3, 3, 3]","[3, 8, -2, 3, 8, 11, 0, 2, 2, 2]",37.0,3.7,"[3, 13, 23, 3, 8, 1, -30, -8, 2, -13]",0.2997,"[0.2, 0.2, 0.307, 0.118, 0.4, 0.6, 0.143, 0.0, 0.429, 0.6]","[3.0, 3.0, 4.505, 6.497, 3.0, 0, 2.0, 5.672, 4.0, 2.0]"
108,1,actionfeedback,2020-09-30 22:09:12.429062,2020-09-30 22:12:09.152765,2020-09-30 22:14:49.716134,5.5,0,College degree,Yes,33,Female,-,-,,0,4,"[6, 7, 9, 6, 9, 5, 6, 5, 8, 4]","[4, 3, 6, 4, 6, -5, 4, 5, 7, -4]",30.0,3.0,"[14, 3, 16, 4, 16, 5, 4, 20, 2, 1]",0.1318,"[0.143, 0.0, 0.2, 0.143, 0.3, 0.0, 0.143, 0.167, 0.222, 0.0]","[0, 2.0, 0, 0, 0, 3.497, 0, 0, 0, 3.75]"
109,1,actionfeedback,2020-09-30 22:11:16.848834,2020-09-30 22:13:19.040182,2020-09-30 22:22:38.567753,11.1,0,College degree,No,32,female,-,-,,1,4,"[12, 4, 5, 9, 5, 0, 3, 9, 9, 9]","[-2, 16, 10, 16, -5, 0, 7, 1, 16, -4]",55.0,5.5,"[-2, 16, 10, 16, 5, -20, -3, 1, 16, -4]",0.3435,"[0.308, 1.0, 0.143, 0.273, 0.286, 0.0, 0.125, 0.5, 0.3, 0.5]","[0, 0, 2.0, 2.0, 2.0, 5.014, 5.007, 0, 0, 0]"
110,1,actionfeedback,2020-09-30 22:09:34.335247,2020-09-30 22:14:54.895909,2020-09-30 22:19:57.229254,10.0,0,High school graduate,No,31,Male,-,-,Cheers.,0,4,"[6, 6, 6, 8, 11, 10, 9, 11, 7, 8]","[-1, 4, 19, 12, 14, 5, 1, -1, 8, 7]",68.0,6.8,"[14, -11, 19, 12, 14, 5, 1, -1, 3, 2]",0.2813,"[0.0, 0.143, 0.3, 0.3, 0.5, 0.545, 0.1, 0.231, 0.25, 0.444]","[2.489, 0, 4.0, 2.0, 0, 0, 0, 2.0, 0, 0]"
111,1,actionfeedback,2020-09-30 22:11:05.742719,2020-09-30 22:15:52.085534,2020-09-30 22:20:08.820008,8.5,0,High school graduate,No,26,Male,-,-,,0,4,"[10, 5, 5, 7, 11, 2, 2, 1, 7, 9]","[-5, 5, 0, 13, -6, -2, 8, 9, -2, 6]",26.0,2.6,"[-5, 15, 0, 8, -6, -7, 18, 4, 8, -4]",0.1568,"[0.333, 0.167, 0.0, 0.0, 0.333, 0.172, 0.333, 0.139, 0.0, 0.091]","[2.0, 0, 5.229, 3.0, 0, 3.803, 0, 6.211, 2.49, 2.0]"
112,1,actionfeedback,2020-09-30 22:08:59.841476,2020-09-30 22:16:03.787425,2020-09-30 22:21:06.561642,11.7,0,High school graduate,No,49,female,-,-,,7,4,"[12, 7, 6, 0, 0, 0, 0, 0, 0, 0]","[-7, -2, 14, 0, 0, 0, 0, 0, 0, 0]",5.0,0.5,"[-12, 3, 19, 10, -25, 5, 10, 25, 10, 20]",0.1371,"[0.538, 0.5, 0.333, 0.0, 0.0, 0.0, 0.0, 0.0, 0.0, 0.0]","[0, 0, 6.0, 3.772, 3.906, 5.778, 5.0, 5.006, 5.836, 4.582]"
113,1,actionfeedback,2020-09-30 22:08:26.004592,2020-09-30 22:11:44.416407,2020-09-30 22:15:18.282065,6.7,0,College degree,Yes,25,Male,-,-,That was super fun!,0,4,"[12, 7, 6, 10, 8, 9, 8, 8, 10, 6]","[-2, 18, 14, 10, 7, 6, 7, 2, -5, 9]",66.0,6.6,"[-2, 18, 4, 10, 7, 1, 7, 2, -5, 19]",0.3697,"[0.538, 0.4, 0.182, 0.455, 0.667, 0.273, 0.273, 0.091, 0.636, 0.182]","[0, 3.0, 5.0, 0, 0, 2.0, 3.0, 3.0, 0, 5.0]"
114,1,actionfeedback,2020-09-30 22:31:15.423573,2020-09-30 22:38:41.616716,2020-09-30 22:43:43.26268,12.1,0,College degree,No,41,male,-,-,no.,0,4,"[9, 8, 6, 6, 9, 7, 12, 11, 5, 4]","[-4, 7, 14, 14, 1, 13, -2, -6, 10, 11]",58.0,5.8,"[-14, -3, 19, 9, 1, 13, -2, -6, 15, 1]",0.2964,"[0.4, 0.444, 0.222, 0.333, 0.5, 0.25, 0.231, 0.417, 0.0, 0.167]","[0, 0, 3.0, 3.0, 0, 0, 0, 0, 3.0, 2.0]"
115,1,actionfeedback,2020-09-30 23:48:06.116789,2020-10-01 00:08:11.661423,2020-10-01 00:13:22.244894,25.0,0,High school graduate,No,33,female,-,-,,1,4,"[1, 3, 3, 3, 3, 3, 3, 3, 0, 3]","[9, 7, 7, 7, 7, 7, 2, 7, 0, 2]",55.0,5.5,"[9, -3, -23, 7, -13, -8, -13, -3, 15, 17]",0.2156,"[0.25, 0.105, 0.167, 0.5, 0.333, 0.167, 0.181, 0.167, 0.0, 0.286]","[3.0, 6.568, 3.0, 3.0, 3.0, 3.0, 2.519, 3.0, 3.947, 4.0]"
116,1,actionfeedback,2020-09-30 22:33:36.839573,2020-09-30 22:44:39.215909,2020-09-30 22:50:23.782894,16.2,0,High school graduate,No,54,female,-,-,,2,4,"[12, 12, 6, 12, 0, 12, 0, 7, 4, 5]","[18, 3, 9, -2, 0, -7, 0, 8, 11, 15]",55.0,5.5,"[18, 3, -1, -2, -5, -7, -25, 8, 11, 15]",0.4104,"[0.692, 0.615, 0.0, 0.308, 0.0, 0.692, 0.0, 0.364, 0.6, 0.833]","[0, 0, 4.0, 0, 5.625, 0, 5.766, 4.0, 0, 0]"
117,1,actionfeedback,2020-09-30 23:32:55.138997,2020-09-30 23:40:14.375908,2020-09-30 23:44:23.768419,11.3,0,College degree,Yes,49,Male,-,-,,0,4,"[1, 1, 1, 1, 1, 1, 1, 1, 1, 1]","[-1, 4, -1, -1, 9, 9, -1, -1, -1, -1]",15.0,1.5,"[19, 24, 14, -6, 9, 9, -11, -6, -26, 4]",0.1714,"[0.161, 0.2, 0.178, 0.156, 0.25, 0.25, 0.143, 0.209, 0.0, 0.167]","[5.227, 4.0, 4.624, 5.393, 3.0, 3.0, 6.0, 3.781, 3.905, 4.992]"
118,1,actionfeedback,2020-09-30 23:37:34.011452,2020-09-30 23:40:55.697167,2020-09-30 23:45:54.784659,8.2,0,College degree,No,39,female,-,-,,0,4,"[7, 3, 5, 12, 7, 4, 2, 7, 11, 4]","[-2, 17, 15, -12, 3, 11, 8, -2, -11, 6]",33.0,3.3,"[8, 12, 20, -12, -2, 6, -2, 3, -11, 6]",0.5694,"[0.375, 0.4, 0.667, 0.462, 0.423, 1.0, 0.4, 0.5, 0.667, 0.8]","[0, 2.0, 0, 0, 2.463, 0, 3.0, 0, 0, 0]"
119,1,actionfeedback,2020-09-30 23:38:03.897939,2020-09-30 23:43:54.655666,2020-09-30 23:47:48.576998,9.4,0,College degree,Yes,54,male,-,-,Lots of fun! Interesting decision game.,0,4,"[3, 2, 3, 2, 3, 3, 8, 2, 2, 2]","[2, 18, 7, 8, 2, -3, 2, 3, 8, 8]",55.0,5.5,"[12, 13, 7, 23, -13, -3, 7, 23, -7, 18]",0.387,"[0.4, 0.5, 0.75, 0.5, 0.29, 0.308, 0.222, 0.2, 0.5, 0.2]","[2.0, 2.0, 0, 2.0, 3.903, 3.485, 0, 3.0, 2.0, 3.0]"
120,1,actionfeedback,2020-09-30 23:44:33.897668,2020-09-30 23:48:59.836565,2020-09-30 23:52:42.066481,7.9,0,College degree,No,30,female,-,-,,0,4,"[3, 9, 9, 7, 9, 10, 5, 7, 10, 9]","[12, -4, 6, 3, -4, 0, 10, 8, 5, 11]",47.0,4.7,"[7, 6, -4, -12, -9, -5, 0, 3, 5, 16]",0.3537,"[0.5, 0.2, 0.5, 0.25, 0.273, 0.333, 0.333, 0.625, 0.25, 0.273]","[0, 0, 0, 0, 2.0, 2.0, 0, 0, 2.0, 2.0]"
121,1,actionfeedback,2020-09-30 23:39:42.61051,2020-09-30 23:50:35.683986,2020-09-30 23:53:51.922902,13.2,0,College degree,No,47,male,-,-,,0,4,"[1, 1, 1, 1, 1, 1, 1, 1, 1, 1]","[9, -1, -1, 4, -1, 9, -1, 9, 4, -1]",30.0,3.0,"[24, 9, 9, -1, -16, -6, -1, -6, 4, 9]",0.2192,"[0.25, 0.182, 0.17, 0.333, 0.175, 0.25, 0.21, 0.25, 0.182, 0.19]","[3.0, 4.488, 4.872, 2.0, 4.728, 3.0, 3.757, 3.0, 4.507, 4.271]"
122,1,actionfeedback,2020-09-30 23:49:16.197281,2020-09-30 23:56:33.692551,2020-10-01 00:00:17.804153,10.6,0,College degree,No,37,female,-,-,Fun.,0,4,"[12, 3, 3, 3, 2, 8, 4, 4, 5, 4]","[-2, 7, 17, 12, 13, 2, 11, 1, 10, 1]",72.0,7.2,"[-2, 2, 12, 22, 3, 2, 21, 1, 20, 1]",0.5161,"[0.385, 0.333, 1.0, 0.6, 0.5, 0.556, 0.6, 0.401, 0.5, 0.286]","[0, 3.0, 0, 2.0, 2.0, 0, 0, 3.488, 0, 3.0]"
123,1,actionfeedback,2020-09-30 23:50:04.147935,2020-09-30 23:59:24.245903,2020-10-01 00:04:30.92204,14.0,0,College degree,No,43,Female,-,-,,0,4,"[3, 3, 2, 1, 3, 3, 1, 4, 2, 3]","[2, 7, 8, 9, 7, 2, 4, -4, 8, -3]",40.0,4.0,"[2, -13, 23, -1, 22, 22, 9, -9, 13, -8]",0.2332,"[0.0, 0.25, 0.2, 0.5, 0.0, 0.167, 0.0, 0.267, 0.667, 0.281]","[3.767, 0, 3.0, 0, 3.0, 3.0, 4.113, 3.482, 0, 4.113]"
124,1,actionfeedback,2020-09-30 23:50:22.714253,2020-10-01 00:02:41.527954,2020-10-01 00:08:01.831746,16.8,0,High school graduate,No,30,female,-,-,,0,4,"[6, 12, 12, 12, 12, 12, 12, 12, 12, 12]","[24, -12, 18, 13, -2, 3, 18, 8, -2, 13]",81.0,8.1,"[24, -12, 18, 13, -2, 3, 18, 8, -2, 13]",0.5243,"[0.857, 0.308, 0.462, 0.538, 0.769, 0.462, 0.462, 0.385, 0.385, 0.615]","[0, 0, 0, 0, 0, 0, 0, 0, 0, 0]"
125,1,actionfeedback,2020-09-30 22:58:42.211064,2020-09-30 23:08:33.660102,2020-09-30 23:14:05.803371,10.0,0,College degree,No,50Male,Male,-,-,,0,3,"[1, 1, 2, 3, 2, 2, 1, 1, 1, 1]","[-1, 9, 3, 2, 3, -2, 4, 4, 4, 9]",35.0,3.5,"[4, -6, 18, 7, -2, -2, 4, 4, -6, 9]",0.2715,"[0.0, 0.25, 0.2, 0.6, 0.5, 0.333, 0.2, 0.2, 0.182, 0.25]","[5.116, 3.0, 3.0, 2.0, 2.0, 4.015, 4.0, 4.0, 4.481, 3.0]"
126,1,actionfeedback,2020-09-30 23:34:15.104054,2020-09-30 23:39:54.507611,2020-09-30 23:43:39.778817,9.1,0,High school graduate,Yes,24,Female,-,-,,0,4,"[12, 12, 3, 3, 3, 9, 10, 8, 6, 7]","[13, 8, 7, 7, 7, 21, -5, 12, 9, -2]",77.0,7.7,"[13, 8, 17, 12, 7, 21, -5, 12, -1, -7]",0.1883,"[0.385, 0.385, 0.25, 0.25, 0.25, 0.091, 0.182, 0.0, 0.0, 0.09]","[0, 0, 0, 0, 0, 2.0, 0, 2.0, 2.0, 4.161]"
127,1,actionfeedback,2020-10-01 00:07:45.936552,2020-10-01 00:13:07.392739,2020-10-01 00:18:19.023923,9.9,0,College degree,No,29,Male,-,-,,0,4,"[12, 10, 10, 10, 10, 12, 3, 7, 5, 8]","[-12, 0, 0, 10, -5, -2, 12, 8, 15, 2]",28.0,2.8,"[-12, 0, 0, 10, -5, -2, 12, 3, 20, 2]",0.16,"[0.308, 0.182, 0.0, 0.077, 0.455, 0.231, 0.0, 0.125, 0.0, 0.222]","[0, 0, 3.0, 3.0, 0, 0, 2.0, 0, 2.0, 0]"
128,1,actionfeedback,2020-10-01 00:19:12.618189,2020-10-01 00:22:27.459803,2020-10-01 00:25:46.519137,6.5,0,College degree,No,34,Male,-,-,,2,4,"[1, 1, 1, 1, 1, 0, 1, 0, 1, 1]","[-1, -1, -1, -1, -1, 0, -1, 0, 4, -1]",-3.0,-0.3,"[9, 9, -11, 4, 9, 0, -21, 20, 9, 9]",0.1395,"[0.16, 0.166, 0.119, 0.2, 0.178, 0.0, 0.16, 0.0, 0.2, 0.212]","[5.232, 5.03, 7.415, 4.0, 4.626, 5.727, 5.267, 3.889, 4.0, 3.717]"
129,1,actionfeedback,2020-10-01 00:21:07.435233,2020-10-01 00:30:05.79712,2020-10-01 00:35:54.481825,14.1,0,High school graduate,No,59,female,-,-,,9,4,"[0, 0, 0, 1, 0, 0, 0, 0, 0, 0]","[0, 0, 0, 4, 0, 0, 0, 0, 0, 0]",4.0,0.4,"[-15, 5, -10, -11, 10, -5, 10, 25, -10, 0]",0.0167,"[0.0, 0.0, 0.0, 0.167, 0.0, 0.0, 0.0, 0.0, 0.0, 0.0]","[4.831, 6.784, 5.992, 5.0, 5.486, 7.0, 4.232, 4.807, 7.803, 5.295]"
130,1,actionfeedback,2020-10-01 00:24:02.303732,2020-10-01 00:31:02.851247,2020-10-01 00:36:07.817225,11.9,0,College degree,No,59,Female,-,-,Fun game!,0,4,"[4, 3, 5, 4, 6, 5, 5, 7, 5, 5]","[1, 2, 15, -4, -1, -10, 10, 8, 5, 15]",41.0,4.1,"[6, -3, 20, 6, -11, 0, 20, 18, 0, 20]",0.3751,"[0.286, 0.333, 0.1, 1.0, 0.857, 0.124, 0.375, 0.333, 0.143, 0.2]","[3.0, 3.0, 5.0, 0, 0, 3.038, 3.0, 2.0, 2.0, 5.0]"
131,1,actionfeedback,2020-10-01 00:23:14.109342,2020-10-01 00:33:12.259271,2020-10-01 00:37:13.007613,13.8,0,College degree,No,30,female,-,-,,10,4,"[0, 0, 0, 0, 0, 0, 0, 0, 0, 0]","[0, 0, 0, 0, 0, 0, 0, 0, 0, 0]",0.0,0.0,"[-15, 25, -5, 5, -10, 0, 30, -5, 10, 0]",0.0,"[0.0, 0.0, 0.0, 0.0, 0.0, 0.0, 0.0, 0.0, 0.0, 0.0]","[4.49, 5.286, 5.827, 6.431, 5.644, 7.0, 4.654, 6.021, 4.599, 5.752]"
132,1,actionfeedback,2020-10-01 00:26:26.215247,2020-10-01 00:34:34.625843,2020-10-01 00:40:38.765407,13.7,0,High school graduate,No,56,female,-,-,,0,4,"[1, 1, 1, 1, 2, 3, 1, 2, 1, 1]","[-1, 9, 4, -1, 3, 2, 9, 3, 9, 4]",41.0,4.1,"[4, 24, 14, -6, -7, 7, -6, -12, 14, -1]",0.2081,"[0.209, 0.25, 0.182, 0.157, 0.182, 0.286, 0.25, 0.167, 0.25, 0.148]","[3.779, 3.0, 4.497, 5.365, 3.496, 4.0, 3.0, 4.0, 3.0, 5.766]"
133,1,actionfeedback,2020-10-01 00:32:47.912439,2020-10-01 00:38:00.704776,2020-10-01 00:43:00.990965,9.9,0,College degree,No,36,male,-,-,,0,4,"[12, 12, 5, 10, 9, 5, 5, 10, 3, 12]","[-7, -7, 5, 0, 6, 5, 15, 0, 27, -2]",42.0,4.2,"[-7, -7, 5, 0, 6, 5, 15, 0, 27, -2]",0.6072,"[0.385, 0.385, 0.5, 0.5, 0.636, 0.833, 1.0, 0.818, 0.4, 0.615]","[0, 0, 0, 2.0, 2.0, 0, 0, 0, 2.0, 0]"
134,1,actionfeedback,2020-10-01 00:42:13.825008,2020-10-01 00:46:45.609945,2020-10-01 00:51:02.225344,8.5,0,High school graduate,No,48,male,-,-,,0,4,"[3, 3, 3, 3, 3, 3, 9, 10, 2, 6]","[2, 7, 7, 2, 2, 7, 1, -5, 8, 9]",40.0,4.0,"[12, 7, 12, -13, 2, 2, -9, -5, -7, 19]",0.1931,"[0.0, 0.25, 0.25, 0.0, 0.0, 0.25, 0.25, 0.455, 0.333, 0.143]","[3.748, 0, 0, 5.89, 3.601, 0, 3.0, 0, 0, 0]"
135,1,actionfeedback,2020-10-01 00:43:46.460045,2020-10-01 00:49:03.818601,2020-10-01 00:54:09.909251,9.9,0,College degree,No,31,Female,-,-,,2,4,"[0, 1, 1, 1, 0, 1, 1, 1, 1, 1]","[0, -1, -1, 9, 0, -1, 9, -1, 4, -1]",17.0,1.7,"[10, 4, -11, -1, 5, -26, 24, 19, 4, -11]",0.1699,"[0.0, 0.178, 0.195, 0.25, 0.0, 0.181, 0.25, 0.222, 0.2, 0.223]","[4.91, 4.633, 4.126, 3.0, 6.699, 4.513, 3.0, 3.502, 4.0, 3.477]"
136,1,actionfeedback,2020-10-01 00:59:53.476419,2020-10-01 01:05:16.796425,2020-10-01 01:09:00.637133,8.9,0,High school graduate,No,20,male,-,-,,0,4,"[9, 12, 12, 12, 12, 12, 12, 12, 12, 4]","[-4, -2, 18, 3, 13, 3, 8, -2, -2, 21]",56.0,5.6,"[-9, -2, 18, 3, 13, 3, 8, -2, -2, 21]",0.5197,"[0.167, 0.462, 0.308, 0.615, 0.692, 0.385, 0.538, 0.692, 0.538, 0.8]","[3.0, 0, 0, 0, 0, 0, 0, 0, 0, 0]"
137,1,actionfeedback,2020-10-01 00:10:42.318054,2020-10-01 00:15:44.190581,2020-10-01 00:20:17.831799,9.2,0,High school graduate,No,40,Female,-,-,I've never played this before.  It was interesting.  I wish I would have done better.,10,4,"[0, 0, 0, 0, 0, 0, 0, 0, 0, 0]","[0, 0, 0, 0, 0, 0, 0, 0, 0, 0]",0.0,0.0,"[30, 0, 20, 0, 15, 25, 5, 25, 5, -5]",0.0,"[0.0, 0.0, 0.0, 0.0, 0.0, 0.0, 0.0, 0.0, 0.0, 0.0]","[4.661, 5.334, 4.592, 3.71, 4.67, 4.811, 5.62, 4.559, 5.859, 5.646]"
138,1,actionfeedback,2020-09-30 22:32:34.188618,2020-09-30 22:42:00.33448,2020-09-30 22:46:14.50246,13.4,0,College degree,No,63,female,-,-,,10,4,"[0, 0, 0, 0, 0, 0, 0, 0, 0, 0]","[0, 0, 0, 0, 0, 0, 0, 0, 0, 0]",0.0,0.0,"[30, 0, -5, -10, 10, -5, -5, -10, 20, 25]",0.0,"[0.0, 0.0, 0.0, 0.0, 0.0, 0.0, 0.0, 0.0, 0.0, 0.0]","[4.616, 4.196, 5.669, 5.259, 4.15, 5.637, 5.476, 5.713, 4.715, 5.258]"
139,1,actionfeedback,2020-09-30 23:33:02.100659,2020-09-30 23:38:46.549614,2020-09-30 23:41:51.467664,8.4,0,College degree,No,35,male,-,-,,0,4,"[12, 6, 10, 12, 6, 6, 6, 8, 6, 6]","[8, 4, -5, -2, -1, 4, 4, 12, 4, -1]",27.0,2.7,"[8, 14, -5, -2, -16, 4, 9, 22, 4, -6]",0.1147,"[0.077, 0.143, 0.167, 0.231, 0.0, 0.143, 0.143, 0.1, 0.143, 0.0]","[0, 0, 2.0, 0, 4.771, 0, 0, 2.0, 0, 3.46]"
140,1,actionfeedback,2020-09-30 23:33:22.580336,2020-09-30 23:36:38.518879,2020-09-30 23:40:31.615202,6.9,0,College degree,No,28,Male,-,-,,0,4,"[7, 11, 5, 5, 6, 5, 7, 4, 10, 6]","[8, -1, 10, 5, 9, 20, 8, 21, -5, 9]",84.0,8.4,"[3, -1, 0, 5, 9, 20, 8, 21, -5, 9]",0.4015,"[0.0, 0.25, 0.125, 0.143, 0.571, 0.833, 0.5, 0.8, 0.364, 0.429]","[3.0, 0, 3.0, 2.0, 0, 0, 0, 0, 0, 0]"
141,1,actionfeedback,2020-09-30 22:45:04.725984,2020-09-30 22:48:21.527558,2020-09-30 22:52:35.032306,7.4,0,College degree,No,23,female,-,-,,0,4,"[5, 10, 9, 7, 12, 11, 9, 9, 6, 6]","[5, -5, 6, 8, 8, 4, 1, -9, 4, 9]",31.0,3.1,"[-10, -5, 1, 3, 8, -6, 11, -19, -11, 19]",0.208,"[0.167, 0.091, 0.3, 0.0, 0.231, 0.417, 0.087, 0.2, 0.143, 0.444]","[0, 0, 0, 4.517, 0, 0, 2.505, 0, 0, 3.0]"
142,1,actionfeedback,2020-09-30 22:42:23.809734,2020-09-30 22:50:50.976049,2020-09-30 22:55:15.711963,12.5,0,High school graduate,No,33,female,-,-,,0,4,"[1, 1, 3, 2, 3, 1, 1, 3, 3, 1]","[9, 9, 2, 8, -3, 9, 4, 2, 7, 4]",51.0,5.1,"[19, 19, -3, 18, -13, 9, -11, -8, 7, -16]",0.2791,"[0.5, 0.5, 0.0, 0.4, 0.137, 0.25, 0.154, 0.6, 0.25, 0.0]","[0, 0, 4.979, 3.0, 4.305, 3.0, 5.499, 2.0, 0, 5.241]"
143,1,actionfeedback,2020-09-30 22:41:01.127092,2020-09-30 22:53:45.001161,2020-09-30 23:04:39.907254,23.1,0,College degree,No,47,male,-,-,"It was very difficult for me to figure out the best strategy to win the most points.  Also, I don't know if it was my imagination, but when I made the wrong initial move, the monkey took a very long time to actually move to my chosen node...",0,4,"[6, 6, 8, 11, 6, 7, 8, 3, 3, 7]","[4, 4, 2, -1, 4, -2, -3, 7, 2, 8]",25.0,2.5,"[4, -16, 17, -1, 19, 3, -8, 22, -13, 3]",0.1761,"[0.143, 0.143, 0.0, 0.167, 0.143, 0.105, 0.167, 0.5, 0.143, 0.25]","[0, 0, 2.0, 0, 0, 2.517, 4.0, 3.0, 3.986, 0]"
144,1,actionfeedback,2020-09-30 22:53:00.247924,2020-09-30 22:59:28.842992,2020-09-30 23:04:07.289867,10.8,0,College degree,No,31,Female,-,-,no,0,4,"[12, 4, 3, 3, 3, 3, 3, 5, 3, 4]","[-12, 1, 2, -8, 2, 2, 2, 15, 7, 11]",22.0,2.2,"[-12, -9, 2, 12, 7, 2, 7, 10, -8, 16]",0.247,"[0.462, 0.125, 0.307, 0.5, 0.333, 0.133, 0.267, 0.1, 0.1, 0.143]","[0, 4.0, 3.507, 2.996, 3.0, 4.5, 4.501, 5.0, 7.0, 3.0]"
145,1,actionfeedback,2020-09-30 22:50:30.507569,2020-09-30 23:00:29.196878,2020-09-30 23:05:20.283424,14.7,0,College degree,No,45,Female,-,-,no,2,4,"[0, 0, 3, 3, 2, 1, 3, 9, 12, 12]","[0, 0, 2, 2, 8, 4, 7, 1, -2, -22]",0.0,0.0,"[10, 0, 17, 17, 23, -1, -8, 1, -2, -22]",0.2514,"[0.0, 0.0, 0.4, 0.2, 0.4, 0.16, 0.167, 0.417, 0.385, 0.385]","[4.391, 6.005, 2.0, 2.0, 3.0, 5.242, 3.0, 3.0, 0, 0]"
146,1,actionfeedback,2020-09-30 22:56:03.722083,2020-09-30 23:02:44.970676,2020-09-30 23:07:51.256005,11.5,0,High school graduate,No,37,female,-,-,,7,4,"[1, 0, 1, 0, 0, 0, 0, 0, 1, 0]","[-1, 0, -1, 0, 0, 0, 0, 0, 9, 0]",7.0,0.7,"[4, 20, -11, -5, 25, -5, -10, -10, 4, -15]",0.056,"[0.167, 0.0, 0.143, 0.0, 0.0, 0.0, 0.0, 0.0, 0.25, 0.0]","[5.003, 6.017, 6.0, 5.484, 5.184, 4.581, 5.489, 6.75, 3.0, 6.063]"
147,1,actionfeedback,2020-09-30 22:48:28.570321,2020-09-30 23:03:47.217513,2020-09-30 23:09:19.659195,20.4,0,College degree,No,27,Female,-,-,,1,4,"[6, 7, 9, 6, 5, 7, 0, 3, 4, 7]","[-1, 13, 16, 14, 5, -7, 0, 7, 6, -2]",51.0,5.1,"[-6, 3, 16, 9, 15, -2, 10, 2, -4, -7]",0.325,"[0.0, 0.5, 0.5, 0.25, 0.333, 0.5, 0.0, 0.167, 0.5, 0.5]","[2.76, 0, 0, 2.0, 4.0, 0, 3.838, 3.0, 2.0, 0]"
148,1,actionfeedback,2020-09-30 23:00:47.048326,2020-09-30 23:06:59.775945,2020-09-30 23:09:43.370086,8.6,0,College degree,No,26,Female,-,-,,0,4,"[1, 1, 2, 1, 3, 1, 2, 4, 3, 2]","[-1, -1, 3, 4, 2, 9, 8, -9, 2, 8]",25.0,2.5,"[-6, 19, 18, 14, 12, 14, 18, 1, -13, 13]",0.1899,"[0.157, 0.181, 0.182, 0.0, 0.0, 0.25, 0.333, 0.429, 0.167, 0.2]","[5.386, 4.513, 3.5, 3.0, 3.0, 3.0, 0, 3.0, 3.0, 3.0]"
149,1,actionfeedback,2020-09-30 23:06:12.007713,2020-09-30 23:10:13.950675,2020-09-30 23:14:49.177616,8.4,0,College degree,No,28,female,-,-,,0,4,"[1, 1, 1, 1, 1, 1, 1, 1, 1, 1]","[9, -1, 4, -1, -1, 4, -1, 9, 9, 4]",35.0,3.5,"[14, -11, -1, -11, 14, 24, -16, -1, 4, 9]",0.1936,"[0.25, 0.18, 0.161, 0.159, 0.151, 0.2, 0.181, 0.25, 0.25, 0.154]","[3.0, 4.571, 5.226, 5.271, 5.603, 4.0, 4.522, 3.0, 3.0, 5.497]"
150,1,actionfeedback,2020-09-30 23:31:42.632493,2020-09-30 23:37:01.413783,2020-09-30 23:42:58.194681,10.7,0,College degree,No,31,Male,-,-,,0,4,"[6, 9, 10, 3, 5, 6, 3, 2, 5, 5]","[4, 6, 0, 2, 0, -6, 2, 18, 0, 0]",26.0,2.6,"[-16, 16, 0, -3, -15, -16, -3, 23, 5, 20]",0.0819,"[0.143, 0.091, 0.0, 0.0, 0.098, 0.195, 0.167, 0.0, 0.0, 0.125]","[0, 2.0, 2.0, 3.748, 5.208, 4.233, 3.0, 2.0, 2.933, 3.0]"
151,1,actionfeedback,2020-09-30 23:08:36.533275,2020-09-30 23:14:31.213777,2020-09-30 23:19:03.356321,10.3,0,College degree,No,42,Female,-,-,,10,4,"[0, 0, 0, 0, 0, 0, 0, 0, 0, 0]","[0, 0, 0, 0, 0, 0, 0, 0, 0, 0]",0.0,0.0,"[5, 15, 0, -25, 20, -5, -5, -15, 5, 5]",0.0,"[0.0, 0.0, 0.0, 0.0, 0.0, 0.0, 0.0, 0.0, 0.0, 0.0]","[5.481, 3.943, 5.461, 5.361, 4.563, 5.597, 5.566, 5.082, 5.27, 5.33]"
152,1,actionfeedback,2020-09-30 23:12:32.486471,2020-09-30 23:16:51.69751,2020-09-30 23:22:06.105816,9.2,0,High school graduate,No,40,Female,-,-,,0,4,"[8, 3, 5, 5, 2, 5, 5, 8, 2, 1]","[7, 7, 5, 0, 18, 0, 0, 2, 8, 9]",56.0,5.6,"[-3, 7, 20, -15, 23, 0, -15, -23, 28, 9]",0.2158,"[0.333, 0.0, 0.333, 0.113, 0.0, 0.222, 0.234, 0.273, 0.4, 0.25]","[0, 2.0, 0, 3.814, 2.0, 4.0, 3.538, 3.0, 3.0, 3.0]"
153,1,actionfeedback,2020-09-30 23:18:27.483395,2020-09-30 23:22:26.989714,2020-09-30 23:27:33.565943,8.9,0,High school graduate,No,39,female,-,-,None thank you,1,4,"[1, 1, 1, 1, 1, 0, 1, 1, 1, 1]","[-1, 4, 4, 4, 9, 0, 9, 9, -1, 9]",46.0,4.6,"[-26, 9, 9, 4, 4, -30, 19, 14, -6, 9]",0.2474,"[0.143, 0.2, 0.181, 0.2, 0.25, 0.0, 0.5, 0.5, 0.0, 0.5]","[6.0, 4.0, 4.514, 4.0, 3.0, 4.964, 0, 0, 5.623, 0]"
154,1,actionfeedback,2020-09-30 23:19:11.439444,2020-09-30 23:23:53.209861,2020-09-30 23:27:28.329984,8.0,0,College degree,Yes,27,male,-,-,,0,4,"[11, 12, 11, 12, 12, 7, 6, 6, 5, 6]","[14, -22, 19, -7, -2, 13, 14, 14, 10, -11]",42.0,4.2,"[14, -22, 19, -7, -2, 3, 24, 4, 20, -1]",0.2856,"[0.25, 0.308, 0.5, 0.154, 0.308, 0.091, 0.091, 0.333, 0.25, 0.571]","[0, 0, 0, 0, 0, 4.0, 5.0, 3.0, 3.0, 0]"
155,1,actionfeedback,2020-09-30 23:12:01.349815,2020-09-30 23:24:38.709089,2020-09-30 23:28:14.944768,15.9,0,High school graduate,No,28,male,-,-,,0,4,"[1, 2, 1, 1, 3, 2, 2, 3, 3, 3]","[4, -2, 9, 9, 7, -2, 3, 7, 2, 2]",39.0,3.9,"[14, 18, 24, -1, 7, 3, 3, -13, 17, -3]",0.2901,"[0.333, 0.4, 0.25, 0.25, 0.11, 0.286, 0.5, 0.286, 0.286, 0.2]","[2.0, 3.0, 3.0, 3.0, 6.086, 5.0, 2.0, 4.0, 4.0, 2.0]"
156,1,actionfeedback,2020-09-30 23:13:25.398493,2020-09-30 23:25:08.011849,2020-09-30 23:28:32.888253,15.0,0,College degree,No,27,Female,-,-,,8,4,"[0, 0, 0, 0, 0, 3, 2, 0, 0, 0]","[0, 0, 0, 0, 0, 2, 8, 0, 0, 0]",10.0,1.0,"[10, 5, 20, -10, 0, -3, 8, 10, -15, 20]",0.08,"[0.0, 0.0, 0.0, 0.0, 0.0, 0.4, 0.4, 0.0, 0.0, 0.0]","[5.656, 6.181, 5.25, 5.377, 4.49, 2.0, 3.0, 4.416, 5.5, 4.077]"
157,1,actionfeedback,2020-09-30 23:23:58.496768,2020-09-30 23:28:21.609723,2020-09-30 23:31:38.99531,7.5,0,High school graduate,No,28,"Male
",-,-,,2,4,"[10, 0, 5, 10, 10, 11, 3, 3, 0, 6]","[5, 0, 5, -10, -20, -1, -3, 2, 0, 24]",2.0,0.2,"[5, -20, 5, -5, -20, -1, 7, 17, -5, 24]",0.3344,"[0.08, 0.0, 0.833, 0.273, 0.455, 0.417, 0.429, 0.286, 0.0, 0.571]","[2.483, 4.618, 0, 0, 0, 0, 4.0, 4.0, 6.129, 0]"
158,1,actionfeedback,2020-09-30 23:27:55.688023,2020-09-30 23:30:51.383771,2020-09-30 23:34:08.112959,6.1,0,High school graduate,No,24,Female,-,-,"Interesting and fun survey, thanks!",0,4,"[1, 3, 1, 1, 1, 8, 5, 1, 9, 2]","[9, 7, 9, 9, 4, -13, 0, 9, 1, 8]",43.0,4.3,"[4, 22, -6, 14, -1, -13, 5, -6, 1, -7]",0.4234,"[0.5, 0.25, 0.5, 0.25, 0.181, 0.778, 0.625, 0.25, 0.5, 0.4]","[0, 0, 0, 3.0, 4.517, 0, 3.0, 3.0, 0, 3.0]"
159,1,actionfeedback,2020-09-30 23:24:23.819587,2020-09-30 23:31:08.157447,2020-09-30 23:36:50.371873,12.3,0,College degree,No,51,female,-,-,,0,4,"[3, 1, 1, 1, 2, 7, 3, 2, 2, 1]","[2, 9, 4, 4, 8, 3, 2, 3, 8, 9]",52.0,5.2,"[17, 24, 4, 19, 3, 23, 2, -2, -12, 9]",0.2459,"[0.154, 0.25, 0.333, 0.0, 0.667, 0.222, 0.0, 0.0, 0.333, 0.5]","[3.49, 3.0, 2.0, 3.476, 0, 2.0, 3.708, 5.236, 0, 0]"
160,1,actionfeedback,2020-09-30 23:26:59.43174,2020-09-30 23:31:40.22758,2020-09-30 23:34:35.721356,7.5,0,College degree,No,28,male,-,-,,0,4,"[1, 1, 1, 1, 1, 1, 1, 1, 1, 1]","[4, -1, -1, -1, -1, -1, 4, -1, -1, 4]",5.0,0.5,"[4, 4, -6, -11, -11, 24, 24, 4, 4, 4]",0.1842,"[0.333, 0.167, 0.154, 0.174, 0.127, 0.167, 0.2, 0.182, 0.138, 0.2]","[2.0, 5.005, 5.488, 4.75, 6.866, 4.999, 4.0, 4.509, 6.24, 4.0]"
161,1,actionfeedback,2020-09-30 23:06:05.103414,2020-09-30 23:14:45.249453,2020-09-30 23:18:27.740192,11.1,0,College degree,No,34,Female,-,-,Fun.,0,4,"[1, 1, 1, 1, 1, 1, 1, 1, 1, 1]","[4, 4, -1, -1, -1, -1, 9, -1, 9, 4]",25.0,2.5,"[-1, 4, -1, 9, -11, 9, 24, -11, -6, 19]",0.227,"[0.333, 0.138, 0.25, 0.2, 0.174, 0.182, 0.25, 0.16, 0.25, 0.333]","[2.0, 6.254, 3.0, 4.0, 4.747, 4.491, 3.0, 5.268, 3.0, 2.0]"
162,1,actionfeedback,2020-09-30 22:16:52.045835,2020-09-30 22:22:48.976067,2020-09-30 22:26:36.202571,9.6,0,High school graduate,No, 57,female,-,-,,0,3,"[6, 12, 6, 7, 5, 3, 5, 6, 1, 9]","[4, -7, -1, 3, 5, 7, 5, 9, 9, 1]",35.0,3.5,"[4, -7, 4, 8, 15, -3, 0, 4, 24, -4]",0.2033,"[0.143, 0.231, 0.0, 0.25, 0.167, 0.25, 0.167, 0.143, 0.5, 0.182]","[0, 0, 2.509, 0, 0, 0, 0, 0, 0, 2.0]"
