pid,condition,conditionType,status,totalTime,attemptsQuiz1,gender,age,MLcheatTrials,RTscores,RTscoresMean,ML_pa_mean,ML_pa_complete,RT_pa_mean,RT_pa_complete,RT_et_complete,RT_pa_meanFH,RT_pa_meanFT
0,0,control,3,39.2,6,female,32,0,"[305, 190, 375, 195, 225, 350, 300, 265]",275.625,,[],0.7917,"[0.6666666666666666, 0.6666666666666666, 1.0, 1.0, 1.0, 1.0, 0.0, 1.0]","[0, 0, 0, 0, 0, 0, 0, 0]",0.8333,0.6667
1,0,control,3,49.4,1,Female,36,0,"[360, 255, 445, 575, 530, 210, 335, 375]",385.625,,[],0.4375,"[0.0, 0.6666666666666666, 1.0, 0.0, 0.0, 0.5, 0.3333333333333333, 1.0]","[0, 0, 0, 0, 0, 0, 0, 0]",0.4167,0.0
2,0,control,3,18.0,2,Female,34,0,"[260, 185, 260, 305, 390, 265, 250, 175]",261.25,,[],0.9375,"[0.5, 1.0, 1.0, 1.0, 1.0, 1.0, 1.0, 1.0]","[0, 0, 0, 0, 0, 0, 0, 0]",0.875,0.5
3,0,control,4,20.5,3,Female,22,0,"[525, 155, 185, 255, 150, 365, 455, 325]",301.875,,[],0.5,"[0.0, 0.0, 0.0, 1.0, 0.5, 1.0, 0.5, 1.0]","[0, 0, 0, 0, 0, 0, 0, 0]",0.25,0.0
4,0,control,4,14.3,1,Male,28,0,"[235, 280, 470, 230, 260, 210, 285, 275]",280.625,,[],0.4062,"[0.0, 0.0, 0.25, 0.0, 0.0, 1.0, 1.0, 1.0]","[0, 0, 0, 0, 0, 0, 0, 0]",0.0625,0.0
5,0,control,4,21.9,1,Male,39,0,"[395, 395, 280, 380, 215, 530, 215, 335]",343.125,,[],0.0,"[0.0, 0.0, 0.0, 0.0, 0.0, 0.0, 0.0, 0.0]","[0, 0, 0, 0, 0, 0, 0, 0]",0.0,0.0
6,0,control,4,15.5,1,Male,41,0,"[295, 400, 370, 560, 300, 155, 230, 215]",315.625,,[],0.75,"[0.0, 0.0, 1.0, 1.0, 1.0, 1.0, 1.0, 1.0]","[0, 0, 0, 0, 0, 0, 0, 0]",0.5,0.0
7,0,control,4,16.6,4,Male,21 years old,0,"[320, 375, 405, 275, 375, 505, 230, 605]",386.25,,[],0.1667,"[1.0, 0.0, 0.0, 0.0, 0.0, 0.0, 0.3333333333333333, 0.0]","[0, 0, 0, 0, 0, 0, 0, 0]",0.25,1.0
8,0,control,4,18.0,1,Male,19,0,"[270, 320, 375, 405, 180, 230, 315, 270]",295.625,,[],0.8333,"[0.0, 0.6666666666666666, 1.0, 1.0, 1.0, 1.0, 1.0, 1.0]","[0, 0, 0, 0, 0, 0, 0, 0]",0.6667,0.0
9,0,control,4,23.3,2,female,40,0,"[205, 280, 235, 370, 340, 190, 280, 225]",265.625,,[],0.5208,"[0.3333333333333333, 0.0, 0.6666666666666666, 1.0, 0.3333333333333333, 0.3333333333333333, 1.0, 0.5]","[0, 0, 0, 0, 0, 0, 0, 0]",0.5,0.3333
10,0,control,4,17.9,1,FEMALE,32,0,"[450, 290, 190, 380, 275, 380, 260, 465]",336.25,,[],0.625,"[0.5, 0.6666666666666666, 0.3333333333333333, 0.5, 0.3333333333333333, 1.0, 0.6666666666666666, 1.0]","[0, 0, 0, 0, 0, 0, 0, 0]",0.5,0.5
11,0,control,4,19.5,2,Male,44,0,"[400, 260, 340, 310, 480, 460, 285, 195]",341.25,,[],0.0,"[0.0, 0.0, 0.0, 0.0, 0.0, 0.0, 0.0, 0.0]","[0, 0, 0, 0, 0, 0, 0, 0]",0.0,0.0
12,0,control,4,29.0,2,Male,32,0,"[535, 275, 235, 440, 175, 230, 495, 225]",326.25,,[],0.4167,"[0.0, 0.0, 0.0, 0.0, 0.6666666666666666, 0.6666666666666666, 1.0, 1.0]","[0, 0, 0, 0, 0, 0, 0, 0]",0.0,0.0
13,0,control,4,18.8,2,Female,30,0,"[465, 510, 540, 335, 165, 185, 280, 460]",367.5,,[],0.5625,"[0.0, 0.0, 0.0, 1.0, 1.0, 1.0, 0.5, 1.0]","[0, 0, 0, 0, 0, 0, 0, 0]",0.25,0.0
14,0,control,4,22.5,2,Female,27,0,"[520, 360, 220, 465, 295, 420, 490, 260]",378.75,,[],0.4375,"[0.0, 0.6666666666666666, 0.5, 0.3333333333333333, 1.0, 1.0, 0.0, 0.0]","[0, 0, 0, 0, 0, 0, 0, 0]",0.375,0.0
15,0,control,4,18.5,1,male,32,0,"[275, 195, 220, 300, 250, 165, 230, 230]",233.125,,[],0.8333,"[1.0, 1.0, 0.5, 1.0, 0.6666666666666666, 0.5, 1.0, 1.0]","[0, 0, 0, 0, 0, 0, 0, 0]",0.875,1.0
16,0,control,4,36.6,1,FEMALE,30,0,"[235, 280, 525, 545, 475, 280, 280, 285]",363.125,,[],0.0,"[0.0, 0.0, 0.0, 0.0, 0.0, 0.0, 0.0, 0.0]","[0, 0, 0, 0, 0, 0, 0, 0]",0.0,0.0
17,0,control,4,23.4,3,female,50,0,"[290, 230, 255, 315, 480, 455, 425, 350]",350.0,,[],0.0,"[0.0, 0.0, 0.0, 0.0, 0.0, 0.0, 0.0, 0.0]","[0, 0, 0, 0, 0, 0, 0, 0]",0.0,0.0
18,0,control,4,23.5,3,Female,29,0,"[310, 410, 475, 365, 515, 165, 225, 290]",344.375,,[],0.2083,"[0.0, 0.0, 0.0, 0.0, 0.0, 0.5, 0.5, 0.6666666666666666]","[0, 0, 0, 0, 0, 0, 0, 0]",0.0,0.0
19,0,control,4,16.1,1,Male,27,0,"[510, 355, 185, 440, 545, 415, 180, 485]",389.375,,[],0.0,"[0.0, 0.0, 0.0, 0.0, 0.0, 0.0, 0.0, 0.0]","[0, 0, 0, 0, 0, 0, 0, 0]",0.0,0.0
20,0,control,4,13.3,1,Male,30,0,"[520, 220, 240, 245, 265, 215, 360, 185]",281.25,,[],0.4792,"[0.0, 0.5, 0.0, 0.5, 0.3333333333333333, 0.5, 1.0, 1.0]","[0, 0, 0, 0, 0, 0, 0, 0]",0.25,0.0
21,0,control,4,22.1,3,Female,26,0,"[260, 285, 275, 345, 340, 455, 205, 185]",293.75,,[],0.7083,"[0.3333333333333333, 0.5, 0.3333333333333333, 0.5, 1.0, 1.0, 1.0, 1.0]","[0, 0, 0, 0, 0, 0, 0, 0]",0.4167,0.3333
22,0,control,4,25.2,3,Female,29,0,"[230, 230, 360, 235, 160, 240, 410, 220]",260.625,,[],0.875,"[0.0, 1.0, 1.0, 1.0, 1.0, 1.0, 1.0, 1.0]","[0, 0, 0, 0, 0, 0, 0, 0]",0.75,0.0
23,0,control,4,18.1,2,female,31,0,"[550, 575, 410, 225, 345, 330, 305, 400]",392.5,,[],0.875,"[0.0, 1.0, 1.0, 1.0, 1.0, 1.0, 1.0, 1.0]","[0, 0, 0, 0, 0, 0, 0, 0]",0.75,0.0
24,0,control,4,19.3,1,f,57,0,"[175, 215, 405, 320, 220, 355, 235, 180]",263.125,,[],0.8542,"[0.3333333333333333, 0.5, 1.0, 1.0, 1.0, 1.0, 1.0, 1.0]","[0, 0, 0, 0, 0, 0, 0, 0]",0.7083,0.3333
25,0,control,4,18.1,4,woman,50,0,"[490, 340, 345, 180, 315, 330, 445, 295]",342.5,,[],0.5625,"[0.0, 0.0, 0.0, 1.0, 1.0, 1.0, 1.0, 0.5]","[0, 0, 0, 0, 0, 0, 0, 0]",0.25,0.0
26,0,control,4,16.8,1,female,48,0,"[380, 485, 295, 225, 290, 200, 250, 435]",320.0,,[],0.2292,"[0.3333333333333333, 0.3333333333333333, 0.0, 0.5, 0.3333333333333333, 0.0, 0.0, 0.3333333333333333]","[0, 0, 0, 0, 0, 0, 0, 0]",0.2917,0.3333
27,0,control,4,29.3,8,Male,27,0,"[270, 335, 545, 380, 580, 290, 190, 290]",360.0,,[],0.125,"[0.0, 0.3333333333333333, 0.0, 0.0, 0.0, 0.3333333333333333, 0.3333333333333333, 0.0]","[0, 0, 0, 0, 0, 0, 0, 0]",0.0833,0.0
28,0,control,4,18.7,1,female,32,0,"[520, 215, 265, 350, 250, 345, 310, 285]",317.5,,[],0.7917,"[0.0, 1.0, 1.0, 1.0, 0.3333333333333333, 1.0, 1.0, 1.0]","[0, 0, 0, 0, 0, 0, 0, 0]",0.75,0.0
29,0,control,4,15.3,3,Male,32,0,"[450, 250, 255, 540, 440, 280, 475, 305]",374.375,,[],0.7188,"[0.0, 0.5, 1.0, 1.0, 1.0, 0.25, 1.0, 1.0]","[0, 0, 0, 0, 0, 0, 0, 0]",0.625,0.0
30,0,control,4,20.0,2,Female,36,0,"[495, 210, 325, 540, 325, 195, 160, 310]",320.0,,[],0.9375,"[1.0, 1.0, 1.0, 0.5, 1.0, 1.0, 1.0, 1.0]","[0, 0, 0, 0, 0, 0, 0, 0]",0.875,1.0
31,0,control,4,12.3,1,Male,22,0,"[395, 455, 500, 230, 285, 555, 310, 235]",370.625,,[],0.0833,"[0.0, 0.0, 0.0, 0.0, 0.0, 0.0, 0.3333333333333333, 0.3333333333333333]","[0, 0, 0, 0, 0, 0, 0, 0]",0.0,0.0
32,0,control,4,24.4,1,female,47,0,"[490, 210, 240, 230, 140, 245, 195, 290]",255.0,,[],0.9167,"[0.3333333333333333, 1.0, 1.0, 1.0, 1.0, 1.0, 1.0, 1.0]","[0, 0, 0, 0, 0, 0, 0, 0]",0.8333,0.3333
33,0,control,4,14.6,1,Female,43,0,"[245, 540, 225, 255, 500, 180, 325, 425]",336.875,,[],0.1458,"[0.6666666666666666, 0.0, 0.0, 0.0, 0.0, 0.0, 0.5, 0.0]","[0, 0, 0, 0, 0, 0, 0, 0]",0.1667,0.6667
34,0,control,4,19.8,1,female,38,0,"[320, 265, 665, 240, 225, 300, 335, 340]",336.25,,[],0.6667,"[0.3333333333333333, 0.0, 0.0, 1.0, 1.0, 1.0, 1.0, 1.0]","[0, 0, 0, 0, 0, 0, 0, 0]",0.3333,0.3333
35,0,control,4,23.0,2,female,26,0,"[375, 200, 210, 430, 220, 265, 220, 290]",276.25,,[],0.4583,"[0.0, 0.5, 0.0, 1.0, 0.3333333333333333, 0.5, 0.3333333333333333, 1.0]","[0, 0, 0, 0, 0, 0, 0, 0]",0.375,0.0
36,0,control,4,22.6,2,male,53,0,"[520, 350, 415, 380, 425, 270, 375, 310]",380.625,,[],0.7188,"[0.0, 0.25, 1.0, 1.0, 1.0, 1.0, 1.0, 0.5]","[0, 0, 0, 0, 0, 0, 0, 0]",0.5625,0.0
37,0,control,4,14.0,1,Female,27,0,"[610, 170, 315, 190, 355, 275, 260, 335]",313.75,,[],0.7917,"[0.0, 1.0, 1.0, 0.3333333333333333, 1.0, 1.0, 1.0, 1.0]","[0, 0, 0, 0, 0, 0, 0, 0]",0.5833,0.0
38,0,control,4,19.8,4,Female,29,0,"[385, 295, 295, 210, 570, 600, 550, 530]",429.375,,[],0.0,"[0.0, 0.0, 0.0, 0.0, 0.0, 0.0, 0.0, 0.0]","[0, 0, 0, 0, 0, 0, 0, 0]",0.0,0.0
39,0,control,4,23.7,2,woman,22,0,"[315, 230, 265, 495, 545, 475, 200, 480]",375.625,,[],0.0,"[0.0, 0.0, 0.0, 0.0, 0.0, 0.0, 0.0, 0.0]","[0, 0, 0, 0, 0, 0, 0, 0]",0.0,0.0
40,0,control,4,25.4,3,female,36,0,"[505, 420, 245, 485, 595, 385, 340, 370]",418.125,,[],0.0625,"[0.0, 0.0, 0.0, 0.0, 0.0, 0.0, 0.0, 0.5]","[0, 0, 0, 0, 0, 0, 0, 0]",0.0,0.0
41,0,control,4,27.2,2,Female,26,0,"[200, 530, 205, 465, 340, 355, 505, 255]",356.875,,[],0.125,"[0.0, 0.0, 0.0, 1.0, 0.0, 0.0, 0.0, 0.0]","[0, 0, 0, 0, 0, 0, 0, 0]",0.25,0.0
42,0,control,4,19.4,3,Male,32,0,"[440, 210, 285, 365, 250, 200, 275, 585]",326.25,,[],0.875,"[0.0, 1.0, 1.0, 1.0, 1.0, 1.0, 1.0, 1.0]","[0, 0, 0, 0, 0, 0, 0, 0]",0.75,0.0
43,0,control,4,106.7,2,Female,26,0,"[300, 290, 315, 210, 245, 235, 215, 335]",268.125,,[],0.5104,"[0.0, 0.5, 1.0, 0.5, 0.3333333333333333, 0.5, 0.75, 0.5]","[0, 0, 0, 0, 0, 0, 0, 0]",0.5,0.0
44,0,control,4,14.1,2,Male,23,0,"[350, 455, 195, 330, 180, 445, 345, 205]",313.125,,[],0.6667,"[0.3333333333333333, 0.0, 1.0, 1.0, 1.0, 0.5, 1.0, 0.5]","[0, 0, 0, 0, 0, 0, 0, 0]",0.5833,0.3333
45,0,control,4,13.6,2,Female,35,0,"[385, 425, 555, 470, 265, 275, 395, 625]",424.375,,[],0.625,"[0.0, 0.5, 0.0, 0.5, 1.0, 1.0, 1.0, 1.0]","[0, 0, 0, 0, 0, 0, 0, 0]",0.25,0.0
46,0,control,6,,5,-,-,0,[],,,[],,[],[],,
47,0,control,6,,0,-,-,0,[],,,[],,[],[],,
48,0,control,6,,0,-,-,0,[],,,[],,[],[],,
49,0,control,6,,1,-,-,0,[],,,[],,[],[],,
50,0,control,6,,2,-,-,0,"[550, 405]",477.5,,[],0.0,"[0.0, 0.0]","[0, 0]",0.0,0.0
51,0,control,6,,1,-,-,0,[],,,[],,[],[],,
52,0,control,6,,0,-,-,0,[],,,[],,[],[],,
53,0,control,6,,0,-,-,0,[],,,[],,[],[],,
54,0,control,6,,0,-,-,0,[],,,[],,[],[],,
55,0,control,6,,0,-,-,0,[],,,[],,[],[],,
56,0,control,6,,1,-,-,0,[],,,[],,[],[],,
57,0,control,6,,0,-,-,0,[],,,[],,[],[],,
58,0,control,6,,3,-,-,0,[],,,[],,[],[],,
59,0,control,6,,0,-,-,0,[],,,[],,[],[],,
60,0,control,6,,0,-,-,0,[],,,[],,[],[],,
61,0,control,6,,0,-,-,0,[],,,[],,[],[],,
62,0,control,6,,3,-,-,0,"[470, 155, 315, 185, 335, 395, 205, 405]",308.125,,[],0.75,"[0.0, 1.0, 0.6666666666666666, 1.0, 1.0, 1.0, 0.3333333333333333, 1.0]","[0, 0, 0, 0, 0, 0, 0, 0]",0.6667,0.0
63,0,control,6,,2,-,-,0,[],,,[],,[],[],,
64,0,control,6,,0,-,-,0,[],,,[],,[],[],,
65,0,control,6,,10,-,-,0,[],,,[],,[],[],,
66,0,control,6,,0,-,-,0,[],,,[],,[],[],,
67,0,control,6,,0,-,-,0,[],,,[],,[],[],,
68,0,control,6,,2,-,-,0,[],,,[],,[],[],,
68,1,Supported Training,2,,2,-,-,0,"[320, 405, 405]",376.6667,0.9,"[0.8333333333333334, 1.0, 1.0, 1.0, 1.0, 1.0, 0.5, 0.6666666666666666, 1.0, 1.0]",1.0,"[1.0, 1.0, 1.0]","[0, 0, 0]",1.0,1.0
69,1,Supported Training,3,15.8,1,Female,30,0,"[195, 575, 450, 420, 255, 360, 190, 415]",357.5,1.0,"[1.0, 1.0, 1.0, 1.0, 1.0, 1.0, 1.0, 1.0, 1.0, 1.0]",0.5208,"[0.5, 0.5, 0.0, 0.6666666666666666, 0.5, 0.6666666666666666, 0.6666666666666666, 0.6666666666666666]","[0, 0, 0, 0, 0, 0, 0, 0]",0.4167,0.5
70,1,Supported Training,3,29.6,3,male,57,0,"[220, 245, 245, 450, 220, 215, 385, 315]",286.875,0.95,"[0.5, 1.0, 1.0, 1.0, 1.0, 1.0, 1.0, 1.0, 1.0, 1.0]",0.5417,"[0.3333333333333333, 0.0, 0.3333333333333333, 0.5, 0.6666666666666666, 0.5, 1.0, 1.0]","[0, 0, 0, 0, 0, 0, 0, 0]",0.2917,0.3333
71,1,Supported Training,3,13.7,4,Female,19,0,"[200, 415, 270, 410, 395, 320, 335, 310]",331.875,0.94,"[1.0, 1.0, 1.0, 1.0, 1.0, 1.0, 1.0, 0.4, 1.0, 1.0]",0.0,"[0.0, 0.0, 0.0, 0.0, 0.0, 0.0, 0.0, 0.0]","[0, 0, 0, 0, 0, 0, 0, 0]",0.0,0.0
72,1,Supported Training,3,17.0,3,male,50,0,"[430, 235, 430, 240, 305, 165, 225, 435]",308.125,0.9833,"[1.0, 1.0, 1.0, 1.0, 1.0, 0.8333333333333334, 1.0, 1.0, 1.0, 1.0]",0.8542,"[1.0, 0.3333333333333333, 0.5, 1.0, 1.0, 1.0, 1.0, 1.0]","[0, 0, 0, 0, 0, 0, 0, 0]",0.7083,1.0
73,1,Supported Training,3,28.2,10,male,32,1,"[380, 210, 400, 215, 325, 240, 200, 350]",290.0,0.8333,"[0.0, 0.3333333333333333, 1.0, 1.0, 1.0, 1.0, 1.0, 1.0, 1.0, 1.0]",0.8125,"[1.0, 0.5, 1.0, 0.3333333333333333, 0.6666666666666666, 1.0, 1.0, 1.0]","[0, 0, 0, 0, 0, 0, 0, 0]",0.7083,1.0
74,1,Supported Training,4,12.2,1,Female,20,0,"[255, 235, 355, 320, 220, 390, 275, 380]",303.75,0.96,"[1.0, 1.0, 1.0, 1.0, 0.6, 1.0, 1.0, 1.0, 1.0, 1.0]",0.7917,"[0.0, 0.3333333333333333, 1.0, 1.0, 1.0, 1.0, 1.0, 1.0]","[0, 0, 0, 0, 0, 0, 0, 0]",0.5833,0.0
75,1,Supported Training,4,30.8,5,Male,20,0,"[215, 265, 230, 515, 390, 495, 195, 255]",320.0,1.0,"[1.0, 1.0, 1.0, 1.0, 1.0, 1.0, 1.0, 1.0, 1.0, 1.0]",0.8125,"[0.0, 0.5, 1.0, 1.0, 1.0, 1.0, 1.0, 1.0]","[0, 0, 0, 0, 0, 0, 0, 0]",0.625,0.0
76,1,Supported Training,4,22.0,2,Male,34,0,"[560, 190, 235, 320, 410, 220, 505, 210]",331.25,0.75,"[0.3333333333333333, 0.6666666666666666, 0.6666666666666666, 0.5, 0.3333333333333333, 1.0, 1.0, 1.0, 1.0, 1.0]",0.5417,"[0.0, 0.0, 0.0, 1.0, 1.0, 0.3333333333333333, 1.0, 1.0]","[0, 0, 0, 0, 0, 0, 0, 0]",0.25,0.0
77,1,Supported Training,4,22.2,1,male,28,1,"[530, 315, 245, 295, 360, 155, 225, 360]",310.625,0.8,"[0.0, 1.0, 0.6666666666666666, 1.0, 1.0, 1.0, 1.0, 0.6666666666666666, 0.6666666666666666, 1.0]",0.6875,"[0.0, 0.0, 0.5, 1.0, 1.0, 1.0, 1.0, 1.0]","[0, 0, 0, 0, 0, 0, 0, 0]",0.375,0.0
78,1,Supported Training,4,13.9,2,Male,43,0,"[500, 215, 310, 415, 200, 200, 275, 280]",299.375,0.95,"[1.0, 1.0, 0.5, 1.0, 1.0, 1.0, 1.0, 1.0, 1.0, 1.0]",0.875,"[0.0, 1.0, 1.0, 1.0, 1.0, 1.0, 1.0, 1.0]","[0, 0, 0, 0, 0, 0, 0, 0]",0.75,0.0
79,1,Supported Training,4,11.1,1,-,-,0,"[225, 220, 210, 320, 315, 380, 520, 335]",315.625,1.0,"[1.0, 1.0, 1.0, 1.0, 1.0, 1.0, 1.0, 1.0, 1.0, 1.0]",0.8125,"[1.0, 1.0, 0.5, 1.0, 1.0, 0.5, 1.0, 0.5]","[0, 0, 0, 0, 0, 0, 0, 0]",0.875,1.0
80,1,Supported Training,4,21.4,2,female,34,0,"[250, 255, 285, 195, 335, 440, 275, 195]",278.75,0.87,"[0.2, 0.5, 1.0, 1.0, 1.0, 1.0, 1.0, 1.0, 1.0, 1.0]",0.8333,"[0.5, 1.0, 1.0, 1.0, 1.0, 0.5, 0.6666666666666666, 1.0]","[0, 0, 0, 0, 0, 0, 0, 0]",0.875,0.5
81,1,Supported Training,4,11.9,3,Female,40,0,"[215, 635, 515, 315, 155, 255, 440, 315]",355.625,1.0,"[1.0, 1.0, 1.0, 1.0, 1.0, 1.0, 1.0, 1.0, 1.0, 1.0]",0.0,"[0.0, 0.0, 0.0, 0.0, 0.0, 0.0, 0.0, 0.0]","[0, 0, 0, 0, 0, 0, 0, 0]",0.0,0.0
82,1,Supported Training,4,29.2,1,female ,44,0,"[295, 395, 350, 300, 440, 155, 340, 470]",343.125,0.0333,"[0.0, 0.0, 0.0, 0.3333333333333333, 0.0, 0.0, 0.0, 0.0, 0.0, 0.0]",0.8229,"[0.25, 0.3333333333333333, 1.0, 1.0, 1.0, 1.0, 1.0, 1.0]","[0, 0, 0, 0, 0, 0, 0, 0]",0.6458,0.25
83,1,Supported Training,4,14.6,1,female,26,1,"[350, 200, 270, 220, 200, 205, 280, 250]",246.875,0.8333,"[0.0, 0.3333333333333333, 1.0, 1.0, 1.0, 1.0, 1.0, 1.0, 1.0, 1.0]",0.6146,"[0.0, 0.6666666666666666, 0.6666666666666666, 0.3333333333333333, 0.75, 1.0, 1.0, 0.5]","[0, 0, 0, 0, 0, 0, 0, 0]",0.4167,0.0
84,1,Supported Training,4,26.9,1,male,35,0,"[280, 280, 220, 225, 370, 220, 425, 205]",278.125,0.3333,"[0.6666666666666666, 0.3333333333333333, 0.0, 0.0, 0.0, 0.0, 0.5, 0.5, 0.6666666666666666, 0.6666666666666666]",0.75,"[0.0, 0.0, 1.0, 1.0, 1.0, 1.0, 1.0, 1.0]","[0, 0, 0, 0, 0, 0, 0, 0]",0.5,0.0
85,1,Supported Training,4,17.9,1,Female,20,0,"[190, 315, 535, 395, 385, 400, 185, 210]",326.875,1.0,"[1.0, 1.0, 1.0, 1.0, 1.0, 1.0, 1.0, 1.0, 1.0, 1.0]",0.3438,"[0.6666666666666666, 0.25, 0.0, 0.0, 0.3333333333333333, 0.5, 0.5, 0.5]","[0, 0, 0, 0, 0, 0, 0, 0]",0.2292,0.6667
86,1,Supported Training,4,18.5,1,Male,29,0,"[395, 205, 185, 545, 220, 240, 185, 245]",277.5,0.9333,"[0.5, 1.0, 1.0, 1.0, 0.8333333333333334, 1.0, 1.0, 1.0, 1.0, 1.0]",0.9375,"[0.5, 1.0, 1.0, 1.0, 1.0, 1.0, 1.0, 1.0]","[0, 0, 0, 0, 0, 0, 0, 0]",0.875,0.5
87,1,Supported Training,4,15.9,2,Male,27,0,"[445, 175, 150, 320, 420, 265, 465, 250]",311.25,1.0,"[1.0, 1.0, 1.0, 1.0, 1.0, 1.0, 1.0, 1.0, 1.0, 1.0]",0.0,"[0.0, 0.0, 0.0, 0.0, 0.0, 0.0, 0.0, 0.0]","[0, 0, 0, 0, 0, 0, 0, 0]",0.0,0.0
88,1,Supported Training,4,17.0,2,Male,36,0,"[450, 475, 295, 220, 460, 250, 290, 270]",338.75,0.9,"[0.0, 1.0, 1.0, 1.0, 1.0, 1.0, 1.0, 1.0, 1.0, 1.0]",0.9583,"[0.6666666666666666, 1.0, 1.0, 1.0, 1.0, 1.0, 1.0, 1.0]","[0, 0, 0, 0, 0, 0, 0, 0]",0.9167,0.6667
89,1,Supported Training,4,18.4,1,Female,35,0,"[190, 325, 255, 200, 255, 360, 285, 280]",268.75,0.64,"[0.5, 0.4, 0.5, 0.5, 0.5, 1.0, 0.6666666666666666, 0.8333333333333334, 0.5, 1.0]",0.75,"[0.5, 1.0, 0.5, 1.0, 0.3333333333333333, 1.0, 0.6666666666666666, 1.0]","[0, 0, 0, 0, 0, 0, 0, 0]",0.75,0.5
90,1,Supported Training,4,23.2,2,Female,34,0,"[255, 375, 305, 275, 160, 360, 355, 265]",293.75,0.7333,"[1.0, 1.0, 0.5, 0.3333333333333333, 0.6666666666666666, 0.6666666666666666, 0.5, 0.6666666666666666, 1.0, 1.0]",0.8333,"[0.5, 1.0, 1.0, 1.0, 0.6666666666666666, 1.0, 1.0, 0.5]","[0, 0, 0, 0, 0, 0, 0, 0]",0.875,0.5
91,1,Supported Training,4,14.1,2,Male,28,10,"[270, 540, 455, 340, 355, 165, 250, 410]",348.125,0.0,"[0.0, 0.0, 0.0, 0.0, 0.0, 0.0, 0.0, 0.0, 0.0, 0.0]",0.0,"[0.0, 0.0, 0.0, 0.0, 0.0, 0.0, 0.0, 0.0]","[0, 0, 0, 0, 0, 0, 0, 0]",0.0,0.0
92,1,Supported Training,4,43.0,1,Male,33,0,"[240, 310, 355, 225, 355, 285, 275, 220]",283.125,0.5,"[0.3333333333333333, 1.0, 0.3333333333333333, 0.6666666666666666, 0.3333333333333333, 0.5, 0.3333333333333333, 0.5, 0.5, 0.5]",0.9167,"[0.6666666666666666, 0.6666666666666666, 1.0, 1.0, 1.0, 1.0, 1.0, 1.0]","[0, 0, 0, 0, 0, 0, 0, 0]",0.8333,0.6667
93,1,Supported Training,4,23.5,3,Male,20,0,"[260, 215, 275, 280, 300, 455, 505, 295]",323.125,0.4433,"[0.2, 0.3333333333333333, 0.3333333333333333, 0.3333333333333333, 0.6666666666666666, 0.6666666666666666, 0.4, 0.3333333333333333, 0.6666666666666666, 0.5]",1.0,"[1.0, 1.0, 1.0, 1.0, 1.0, 1.0, 1.0, 1.0]","[0, 0, 0, 0, 0, 0, 0, 0]",1.0,1.0
94,1,Supported Training,4,25.4,6,m,36,0,"[290, 345, 375, 365, 230, 225, 320, 195]",293.125,1.0,"[1.0, 1.0, 1.0, 1.0, 1.0, 1.0, 1.0, 1.0, 1.0, 1.0]",0.75,"[0.0, 0.0, 1.0, 1.0, 1.0, 1.0, 1.0, 1.0]","[0, 0, 0, 0, 0, 0, 0, 0]",0.5,0.0
95,1,Supported Training,4,15.9,2,Male,29,0,"[415, 495, 455, 395, 195, 540, 510, 375]",422.5,1.0,"[1.0, 1.0, 1.0, 1.0, 1.0, 1.0, 1.0, 1.0, 1.0, 1.0]",0.6875,"[0.0, 0.0, 0.5, 1.0, 1.0, 1.0, 1.0, 1.0]","[0, 0, 0, 0, 0, 0, 0, 0]",0.375,0.0
96,1,Supported Training,4,30.7,1,female,55,0,"[275, 345, 240, 265, 315, 180, 450, 490]",320.0,1.0,"[1.0, 1.0, 1.0, 1.0, 1.0, 1.0, 1.0, 1.0, 1.0, 1.0]",0.4583,"[0.3333333333333333, 0.5, 0.5, 0.3333333333333333, 0.5, 0.5, 0.6666666666666666, 0.3333333333333333]","[0, 0, 0, 0, 0, 0, 0, 0]",0.4167,0.3333
97,1,Supported Training,4,14.7,2,Female,24,0,"[445, 270, 365, 410, 300, 250, 505, 390]",366.875,0.8667,"[1.0, 1.0, 0.3333333333333333, 0.6666666666666666, 0.6666666666666666, 1.0, 1.0, 1.0, 1.0, 1.0]",0.9583,"[1.0, 1.0, 1.0, 1.0, 0.6666666666666666, 1.0, 1.0, 1.0]","[0, 0, 0, 0, 0, 0, 0, 0]",1.0,1.0
98,1,Supported Training,4,16.4,1,female,38,9,"[440, 540, 215, 495, 430, 180, 265, 190]",344.375,0.0333,"[0.3333333333333333, 0.0, 0.0, 0.0, 0.0, 0.0, 0.0, 0.0, 0.0, 0.0]",0.0,"[0.0, 0.0, 0.0, 0.0, 0.0, 0.0, 0.0, 0.0]","[0, 0, 0, 0, 0, 0, 0, 0]",0.0,0.0
99,1,Supported Training,4,11.2,1,"Male (cisgender, assigned male at birth).",25.,0,"[210, 220, 235, 410, 590, 245, 170, 400]",310.0,0.825,"[0.0, 0.25, 1.0, 1.0, 1.0, 1.0, 1.0, 1.0, 1.0, 1.0]",1.0,"[1.0, 1.0, 1.0, 1.0, 1.0, 1.0, 1.0, 1.0]","[0, 0, 0, 0, 0, 0, 0, 0]",1.0,1.0
100,1,Supported Training,4,20.6,6,male,34,0,"[430, 245, 240, 220, 245, 180, 210, 400]",271.25,0.54,"[1.0, 1.0, 0.5, 0.0, 0.0, 0.0, 0.4, 0.5, 1.0, 1.0]",0.8542,"[0.3333333333333333, 0.5, 1.0, 1.0, 1.0, 1.0, 1.0, 1.0]","[0, 0, 0, 0, 0, 0, 0, 0]",0.7083,0.3333
101,1,Supported Training,4,12.9,1,Female,18,5,"[385, 230, 460, 500, 270, 470, 355, 445]",389.375,0.15,"[0.3333333333333333, 0.3333333333333333, 0.3333333333333333, 0.16666666666666666, 0.3333333333333333, 0.0, 0.0, 0.0, 0.0, 0.0]",0.0,"[0.0, 0.0, 0.0, 0.0, 0.0, 0.0, 0.0, 0.0]","[0, 0, 0, 0, 0, 0, 0, 0]",0.0,0.0
102,1,Supported Training,4,22.1,4,male,41,0,"[220, 580, 205, 340, 460, 280, 495, 330]",363.75,1.0,"[1.0, 1.0, 1.0, 1.0, 1.0, 1.0, 1.0, 1.0, 1.0, 1.0]",0.7917,"[0.3333333333333333, 0.6666666666666666, 1.0, 1.0, 1.0, 1.0, 1.0, 0.3333333333333333]","[0, 0, 0, 0, 0, 0, 0, 0]",0.75,0.3333
103,1,Supported Training,4,24.0,1,Male,41,0,"[210, 425, 240, 445, 260, 380, 330, 420]",338.75,1.0,"[1.0, 1.0, 1.0, 1.0, 1.0, 1.0, 1.0, 1.0, 1.0, 1.0]",0.7917,"[0.5, 0.5, 0.3333333333333333, 1.0, 1.0, 1.0, 1.0, 1.0]","[0, 0, 0, 0, 0, 0, 0, 0]",0.5833,0.5
104,1,Supported Training,4,12.0,2,Male,22,0,"[305, 320, 215, 180, 400, 250, 195, 385]",281.25,0.6717,"[0.3333333333333333, 0.6666666666666666, 0.3333333333333333, 0.6666666666666666, 0.8, 0.6666666666666666, 1.0, 0.75, 0.5, 1.0]",0.0625,"[0.0, 0.0, 0.0, 0.5, 0.0, 0.0, 0.0, 0.0]","[0, 0, 0, 0, 0, 0, 0, 0]",0.125,0.0
105,1,Supported Training,4,37.1,1,Female,49,0,"[435, 180, 305, 455, 170, 300, 375, 390]",326.25,0.85,"[1.0, 0.3333333333333333, 0.6666666666666666, 0.5, 1.0, 1.0, 1.0, 1.0, 1.0, 1.0]",1.0,"[1.0, 1.0, 1.0, 1.0, 1.0, 1.0, 1.0, 1.0]","[0, 0, 0, 0, 0, 0, 0, 0]",1.0,1.0
106,1,Supported Training,4,16.6,2,Female,29,1,"[285, 285, 410, 270, 455, 495, 440, 180]",352.5,0.7,"[0.0, 0.0, 0.0, 1.0, 1.0, 1.0, 1.0, 1.0, 1.0, 1.0]",0.875,"[0.0, 1.0, 1.0, 1.0, 1.0, 1.0, 1.0, 1.0]","[0, 0, 0, 0, 0, 0, 0, 0]",0.75,0.0
107,1,Supported Training,4,21.5,1,Male,46,0,"[295, 360, 390, 330, 325, 385, 485, 325]",361.875,1.0,"[1.0, 1.0, 1.0, 1.0, 1.0, 1.0, 1.0, 1.0, 1.0, 1.0]",0.0,"[0.0, 0.0, 0.0, 0.0, 0.0, 0.0, 0.0, 0.0]","[0, 0, 0, 0, 0, 0, 0, 0]",0.0,0.0
108,1,Supported Training,4,43.9,10,Femal,33,10,"[530, 230, 490, 460, 470, 470, 355, 370]",421.875,0.0,"[0.0, 0.0, 0.0, 0.0, 0.0, 0.0, 0.0, 0.0, 0.0, 0.0]",0.0,"[0.0, 0.0, 0.0, 0.0, 0.0, 0.0, 0.0, 0.0]","[0, 0, 0, 0, 0, 0, 0, 0]",0.0,0.0
109,1,Supported Training,4,17.2,2,Female,23,0,"[220, 565, 300, 170, 255, 210, 235, 415]",296.25,1.0,"[1.0, 1.0, 1.0, 1.0, 1.0, 1.0, 1.0, 1.0, 1.0, 1.0]",0.7292,"[0.3333333333333333, 0.5, 0.5, 1.0, 1.0, 0.5, 1.0, 1.0]","[0, 0, 0, 0, 0, 0, 0, 0]",0.5833,0.3333
110,1,Supported Training,4,21.2,2,Male,32,0,"[270, 305, 255, 305, 340, 165, 180, 540]",295.0,1.0,"[1.0, 1.0, 1.0, 1.0, 1.0, 1.0, 1.0, 1.0, 1.0, 1.0]",0.7396,"[0.0, 0.25, 1.0, 0.6666666666666666, 1.0, 1.0, 1.0, 1.0]","[0, 0, 0, 0, 0, 0, 0, 0]",0.4792,0.0
111,1,Supported Training,4,25.8,1,male,30,0,"[195, 185, 310, 480, 495, 155, 360, 375]",319.375,0.9333,"[1.0, 1.0, 0.3333333333333333, 1.0, 1.0, 1.0, 1.0, 1.0, 1.0, 1.0]",1.0,"[1.0, 1.0, 1.0, 1.0, 1.0, 1.0, 1.0, 1.0]","[0, 0, 0, 0, 0, 0, 0, 0]",1.0,1.0
112,1,Supported Training,4,18.6,5,F,34,0,"[235, 575, 205, 465, 225, 250, 400, 260]",326.875,1.0,"[1.0, 1.0, 1.0, 1.0, 1.0, 1.0, 1.0, 1.0, 1.0, 1.0]",1.0,"[1.0, 1.0, 1.0, 1.0, 1.0, 1.0, 1.0, 1.0]","[0, 0, 0, 0, 0, 0, 0, 0]",1.0,1.0
113,1,Supported Training,4,21.3,1,-,-,0,"[375, 290, 445, 415, 495, 280, 385, 395]",385.0,0.25,"[0.0, 0.0, 0.0, 0.5, 0.3333333333333333, 0.16666666666666666, 0.16666666666666666, 0.5, 0.5, 0.3333333333333333]",0.6875,"[0.0, 0.0, 1.0, 1.0, 1.0, 0.5, 1.0, 1.0]","[0, 0, 0, 0, 0, 0, 0, 0]",0.5,0.0
114,1,Supported Training,4,13.2,2,Male,21,9,"[210, 200, 475, 155, 260, 345, 400, 470]",314.375,0.1,"[0.0, 0.0, 0.0, 1.0, 0.0, 0.0, 0.0, 0.0, 0.0, 0.0]",0.0,"[0.0, 0.0, 0.0, 0.0, 0.0, 0.0, 0.0, 0.0]","[0, 0, 0, 0, 0, 0, 0, 0]",0.0,0.0
115,1,Supported Training,4,21.0,4,Female,36,10,"[280, 330, 225, 235, 455, 210, 425, 200]",295.0,0.0,"[0.0, 0.0, 0.0, 0.0, 0.0, 0.0, 0.0, 0.0, 0.0, 0.0]",0.875,"[0.0, 1.0, 1.0, 1.0, 1.0, 1.0, 1.0, 1.0]","[0, 0, 0, 0, 0, 0, 0, 0]",0.75,0.0
116,1,Supported Training,4,19.5,2,Female,28,1,"[285, 300, 460, 405, 530, 210, 225, 475]",361.25,0.8,"[0.0, 1.0, 0.5, 1.0, 1.0, 1.0, 1.0, 0.8333333333333334, 1.0, 0.6666666666666666]",0.8125,"[0.5, 0.0, 1.0, 1.0, 1.0, 1.0, 1.0, 1.0]","[0, 0, 0, 0, 0, 0, 0, 0]",0.625,0.5
117,1,Supported Training,4,13.2,3,Male,57,10,"[360, 530, 230, 155, 385, 285, 315, 400]",332.5,0.0,"[0.0, 0.0, 0.0, 0.0, 0.0, 0.0, 0.0, 0.0, 0.0, 0.0]",0.0,"[0.0, 0.0, 0.0, 0.0, 0.0, 0.0, 0.0, 0.0]","[0, 0, 0, 0, 0, 0, 0, 0]",0.0,0.0
118,1,Supported Training,4,23.2,1,Male,49,0,"[325, 250, 425, 290, 260, 265, 345, 325]",310.625,0.7167,"[0.5, 1.0, 1.0, 1.0, 0.5, 1.0, 0.5, 0.6666666666666666, 0.3333333333333333, 0.6666666666666666]",1.0,"[1.0, 1.0, 1.0, 1.0, 1.0, 1.0, 1.0, 1.0]","[0, 0, 0, 0, 0, 0, 0, 0]",1.0,1.0
119,1,Supported Training,4,11.2,2,Male,30,0,"[210, 270, 310, 295, 240, 195, 250, 165]",241.875,0.8633,"[0.5, 0.8333333333333334, 0.5, 1.0, 1.0, 1.0, 0.8, 1.0, 1.0, 1.0]",0.7708,"[0.5, 1.0, 0.5, 0.6666666666666666, 0.5, 1.0, 1.0, 1.0]","[0, 0, 0, 0, 0, 0, 0, 0]",0.6667,0.5
120,1,Supported Training,6,,0,-,-,0,[],,0.9583,"[0.8333333333333334, 1.0, 1.0, 1.0]",,[],[],,
121,1,Supported Training,6,,3,-,-,0,[],,1.0,"[1.0, 1.0, 1.0, 1.0, 1.0, 1.0, 1.0, 1.0, 1.0, 1.0]",,[],[],,
122,1,Supported Training,6,,0,-,-,0,[],,,[],,[],[],,
123,1,Supported Training,6,,1,-,-,10,[],,0.0,"[0.0, 0.0, 0.0, 0.0, 0.0, 0.0, 0.0, 0.0, 0.0, 0.0]",,[],[],,
124,1,Supported Training,6,,4,-,-,9,[],,0.02,"[0.2, 0.0, 0.0, 0.0, 0.0, 0.0, 0.0, 0.0, 0.0, 0.0]",,[],[],,
125,1,Supported Training,6,,9,-,-,0,[],,0.3,"[0.6666666666666666, 0.3333333333333333, 0.16666666666666666, 0.3333333333333333, 0.3333333333333333, 0.16666666666666666, 0.3333333333333333, 0.3333333333333333, 0.16666666666666666, 0.16666666666666666]",,[],[],,
126,1,Supported Training,6,,1,-,-,10,[],,0.0,"[0.0, 0.0, 0.0, 0.0, 0.0, 0.0, 0.0, 0.0, 0.0, 0.0]",,[],[],,
127,1,Supported Training,6,,0,-,-,0,[],,,[],,[],[],,
128,1,Supported Training,6,,0,-,-,0,[],,0.6389,"[1.0, 1.0, 1.0, 0.3333333333333333, 0.3333333333333333, 0.16666666666666666]",,[],[],,
129,1,Supported Training,6,,4,-,-,0,[],,0.95,"[1.0, 1.0, 1.0, 1.0, 1.0, 1.0, 1.0, 1.0, 1.0, 0.5]",,[],[],,
130,1,Supported Training,6,,0,-,-,0,[],,1.0,"[1.0, 1.0]",,[],[],,
131,1,Supported Training,6,,0,-,-,1,[],,0.381,"[0.0, 0.3333333333333333, 0.3333333333333333, 0.3333333333333333, 0.6666666666666666, 0.6666666666666666, 0.3333333333333333]",,[],[],,
132,1,Supported Training,6,,3,-,-,10,[],,0.0,"[0.0, 0.0, 0.0, 0.0, 0.0, 0.0, 0.0, 0.0, 0.0, 0.0]",,[],[],,
133,1,Supported Training,6,,0,-,-,0,[],,,[],,[],[],,
134,1,Supported Training,6,,3,-,-,10,[],,0.0,"[0.0, 0.0, 0.0, 0.0, 0.0, 0.0, 0.0, 0.0, 0.0, 0.0]",,[],[],,
135,1,Supported Training,6,,0,-,-,10,[],,0.0,"[0.0, 0.0, 0.0, 0.0, 0.0, 0.0, 0.0, 0.0, 0.0, 0.0]",,[],[],,
136,1,Supported Training,6,,2,-,-,10,[],,0.0,"[0.0, 0.0, 0.0, 0.0, 0.0, 0.0, 0.0, 0.0, 0.0, 0.0]",,[],[],,
137,1,Supported Training,6,,0,-,-,0,[],,,[],,[],[],,
