pid;#1;#2;#conflict;mortgageChoice;mortgagePrompt
70;0;1;1;1;{'Q0': 'I would probably think about it mathematically.  Whichever mortgage demands the most money is the one i would not chose', 'Q1': 'The mortgage that costs me the least amount of money is the one I chose.  I Always pay my bills on time so interest shouldnt be a problem'}
127;0;1;1;0;{'Q0': 'I would have to see which one is going to make me pay more over time, and what I think I can afford over time.', 'Q1': 'Whatever one that is going to allow me to pay off my loan the fastest and the most affordable way. I rather not pay more for something over time.'}
140;0;1;1;0;{'Q0': 'I would compare the amount of the first month rates with the 19 year rates as those would most likely represent the financial burden the best', 'Q1': 'the one that has the best balance of money given and reasonable interest rate'}
93;0;1;1;1;{'Q0': 'I would pick based on how long I plan to live in that house.', 'Q1': 'I decided by thinking if I can see myself living in a house for 19 years.'}
214;0;1;1;0;{'Q0': 'I would choose the loan with the least amount of interest. ', 'Q1': 'I would look at what each amount is and how I would be able to break it down to where I get the most use from it but at the same time keep my monthly payments as low as possible and which can I pay off the quickest. '}
145;0;1;1;1;"{'Q0': 'I would choose the loan that saves me the most money.', 'Q1': ""I didn't, I haven't been provided enough information on the three loans.""}"
170;0;1;1;1;{'Q0': 'Which one I can payback and have the least additional amount of interest added to the sum I payback.', 'Q1': 'The least amount of interest included with the original loan '}
16;0;1;1;0;{'Q0': 'work out the value added by interest for each term', 'Q1': 'By working out the difference and working the opportunity cost'}
188;0;1;1;0;{'Q0': 'Depending on the rate that best suits my needs', 'Q1': 'The one that would save me the most money'}
158;1;0;1;0;{'Q0': 'which loans have the lowest rates in the first month, remainder of first year and the next 19 years.', 'Q1': 'I picked the lowest rate overall'}
22;0;1;1;1;"{'Q0': ""i'll choose the first month rate highest and 19 years lowest"", 'Q1': ""It's easy to pay the first month with the highest rate and make it easy for me to pay the rest""}"
150;1;1;0;1;{'Q0': 'I would look at the amount of interest each loan has. ', 'Q1': 'I would use a mortgage calculator to make sure I get the best option. '}
160;1;0;1;1;{'Q0': 'I would picked the one with the lowest rates and fees. The one that would make it worth while in the long run.', 'Q1': 'The rates and fees, always need to do the lowest cost.'}
58;0;1;1;1;"{'Q0': ""I would factor a number of things, it's interest rates - what the final payment will look like. Comparing the three loans to find out which is the most effective for me."", 'Q1': 'I choose the lowest interest loan'}"
75;0;1;1;0;{'Q0': 'I would compare themby weighing their pros & cons', 'Q1': 'The cheapest one'}
146;0;1;1;0;{'Q0': 'I would consider the total interest over the next 2 -3 years of the mortgage', 'Q1': 'I will decide on the mortgage that has the lowest total cost over 3 years - my experience is it is best to reconsider mortgage deals and potentially switch to a better one very few years'}
87;0;1;1;1;{'Q0': 'I would choose the lowest rate', 'Q1': 'which ever costs me the least in interest'}
52;0;0;0;0;{'Q0': 'decide which one is the cheapest', 'Q1': 'cost analysis'}
112;-1;0;0;-1;
51;1;1;0;1;{'Q0': 'Probably choose the one with the lowest rates over the course of the loan', 'Q1': 'The one which has me paying less overall'}
86;0;0;0;0;{'Q0': 'I would like the lowest interest rate', 'Q1': 'If my rate is low my mortgage irate will be low too'}
155;1;1;0;1;{'Q0': 'I would choose the one with the best interest rate for 19 years.', 'Q1': 'You will be paying the 19 year one the longest so it is the most important rate. '}
69;0;0;0;0;{'Q0': 'the 1 year one', 'Q1': 'I  decided by choosing the one I  have the most potential for growth in'}
64;0;0;0;0;"{'Q0': 'I would do research on the different mortgage loans and see which one will benefit me the most. ', 'Q1': ""After doing research on them, it'll be a deciding factor on which one is the best choice. You always can find more information when it comes to it. ""}"
139;1;1;0;1;{'Q0': 'I would choose the option that resulted in the least interest over the lifetime of the loan. ', 'Q1': 'If the 19 year interest rate is lower over all than the rate in the first month, I would choose that one. '}
98;0;0;0;0;{'Q0': 'I would probably choose the mortgage loan with a decreasing or fixed interest rate moving forward.', 'Q1': 'By choosing the most suitable'}
82;1;1;0;1;{'Q0': 'I would look at the different rates, and compute out what those would be. I would look at the costs associated with the different rates and see if any of them ended up costing more in the long run vs what the initial costs were. I would chose one that makes the most sense for me and my family.', 'Q1': 'After computing the amounts, I picked the one that had the lowest costs over time, even if that meant a higher cost initially. I was more concerned with the overall costs than the monthly costs.'}
14;1;1;0;1;{'Q0': 'I would look at them carefully and consider the possibility of paying the mortgage back early. (Paying back as soon as possible and being debt free is my goal with regards to a mortgage anyway.) I would calculate the rates of interest and overall cost for the next 19 years and choose which one is the cheapest and has the least fees/penalties for early repayment.', 'Q1': 'By examining them carefully and considering the overall cost, including early repayments.'}
109;-1;0;0;-1;
216;1;1;0;1;{'Q0': 'I would choose the rate for the 19 years because I like to know payments.', 'Q1': 'I would decide which one would cost me the least in interest over time.'}
81;1;1;0;1;{'Q0': 'I would look at how widely and often the interest rates vary', 'Q1': 'I would work out the math of which mortgage interest rates would cost the least over the long term, but also keep payments affordable'}
33;0;0;0;0;{'Q0': 'growth life', 'Q1': 'future care'}
230;-1;0;0;-1;
26;0;0;0;0;{'Q0': 'good nothing else', 'Q1': 'good nothing else'}
23;0;0;0;0;{'Q0': 'I would choose the one with the best interest rate', 'Q1': 'I would choose the mortgage that fits within my budget.'}
79;0;0;0;0;{'Q0': 'The one with interest for the first month ', 'Q1': 'If I go ahead and pay the interest, I will have the ability to save more down the road.'}
7;0;0;0;0;{'Q0': 'Would go with the lowest interest rate', 'Q1': 'The one with the lowest interest rate'}
6;0;0;0;0;"{'Q0': ""I would choose these loans based on how much I'm receiving and what the interest rate is."", 'Q1': 'I decide which one is best with knowledge of how interest rates work. I want the most money with the lowest rate.'}"
198;1;1;0;1;{'Q0': 'The best rate over the 19 years', 'Q1': 'The best rate over the 19 years'}
66;0;0;0;0;"{'Q0': 'I would have to take into consideration my current financial circumstance as well as whether or not more money was expected at any future point. I would want to choose the option which best suited my ""live for today"" mindset as well as that which had the least likelihood of leaving me financially vulnerable, either now or later.', 'Q1': 'I took careful thoughts and reasonable/rational insights into my personal circumstances and which best suited my immediate, as well as future, needs as I currently see them.'}"
97;1;1;0;1;{'Q0': 'I would take the one with the lowest overall interest rate.', 'Q1': 'The best one would be the one that best fits my budget.'}
132;1;1;0;1;"{'Q0': 'I would use a statistical/mathematical approach to develop a model to predict which loan would end up accruing the least interest over the next 19 years.', 'Q1': ""I believe that whichever mortgage has the lowest interest rates for 19 years will end up being the most affordable overall; the first year could have higher rates, but it's a smaller proportion of the loan period and therefore don't carry as much weight.""}"
18;0;0;0;0;{'Q0': 'I would pick the one that was best for my situation at the time', 'Q1': 'by comparing all my options '}
187;0;0;0;0;{'Q0': 'Pick the on with either the lowest rates or the highest rate depending on a few things.', 'Q1': 'I do not know I just choose which one sounds good. '}
153;0;0;0;0;{'Q0': 'Looking at the monthly payments. If one is lower than the others, I would choose that one.', 'Q1': 'monthly cost.'}
144;0;0;0;0;{'Q0': 'I would take the lowest cost', 'Q1': 'which will cost the least'}
151;-1;0;0;-1;
202;1;1;0;1;{'Q0': 'I would spend the time to calculate how much interest I was paying long term between the three mortgages, and choose the one with lower interest paid over time.', 'Q1': 'whichever one I pay lowest amount of interest on over time'}
215;-1;0;0;-1;
222;-1;0;0;-1;
78;1;1;0;1;"{'Q0': ""I would look at the overall cost to see which one would be the best for my budget and for my circumstances.  I'd also consider short-term costs of moving and might consider something that was lower in the initial period of the term."", 'Q1': 'I thought about the last time I moved and the additional costs that I faced during the process, and considered long-term goals and benefits.'}"
218;0;0;0;0;{'Q0': 'I used in arrow key ', 'Q1': 'Very quickly action'}
12;1;1;0;1;{'Q0': 'I would likely consider which loan has the best (lowest) interest rate over the remaining 19 year period of the term.', 'Q1': 'Because a mortgage is a long-term product, I would decide based on what would be my lowest borrowing cost for the longest period.'}
204;0;0;0;0;{'Q0': 'According to the easiest direction and less negativevalues', 'Q1': 'By checking high profit values'}
141;0;1;0;0;{'Q0': 'I would chose the mortgage with the a lowest interest rate and the ability to pay it off sooner than 19 years.', 'Q1': 'I decided for the mortgage that would make me free from the loan from the bank.'}
209;-1;0;0;-1;
116;-1;0;0;-1;
38;1;1;0;1;{'Q0': 'I would choose the mortgage loan that has the best rate over the longest period of time.', 'Q1': 'The mortgage with the best rate over a 19 year period, assuming the mortgage will be held for that long, will be the one that will save the most money in the long term.'}
103;-1;0;0;-1;
157;1;1;0;1;{'Q0': 'I would look at the overall sum of the interest across all 20 years of the mortgage loan.', 'Q1': 'The mortgage loan that has the lowest interest sum for the duration of the loan in its entirety.'}
129;1;1;0;1;"{'Q0': 'I would choose the one that resulted in the least amount of total interest paid over 20 years.', 'Q1': ""The one that had the lowest rate at the end of the 20 years as long as the rate doesn't increase drastically in the meantime.""}"
111;-1;0;0;-1;
19;1;1;0;1;{'Q0': 'I would see which one is more cost effective and would be cheaper overall for me.', 'Q1': 'By working out my total repayment and seeing which would cost me the least.'}
176;1;1;0;1;{'Q0': 'The one that costs me the least amount of money over time. I would choose the 19 year cheapest rate', 'Q1': 'It would cost the least amount total'}
71;0;0;0;0;{'Q0': 'Choose the lowest average.', 'Q1': 'Using logic.'}
88;1;1;0;1;{'Q0': 'I would analyze all three options and choose the one with the best average rate for the next 19 years. ', 'Q1': 'I would take my long term financial well being into consideration and choose the best rate for a longer period of time. '}
115;-1;0;0;-1;
102;-1;0;0;-1;
131;0;0;0;0;{'Q0': 'I would choose the first month.', 'Q1': 'The longer the interest rate is variable the more money you may pay in the end. '}
67;1;1;0;1;{'Q0': 'I would calculate the total cost of the mortgaged based on the repayment terms of each. ', 'Q1': 'After calculating the total cost based off of the three choices, I would choose the one that costs me the least.'}
138;0;0;0;0;{'Q0': 'Very lowest interest', 'Q1': 'Mortgage lone tenure'}
35;1;1;0;1;{'Q0': 'I would do the math to ensure the best overall rate.', 'Q1': 'I would choose hichever rate would have me paying the least amount in total over the entire duration.'}
100;1;1;0;1;{'Q0': 'I would choose the mortgage loan with the lowest interest rate in the next 19 years.', 'Q1': 'I would calculate the total cost in terms of interest paid for each of the different time spans, and based on these values choose the best deal.'}
177;0;0;0;0;{'Q0': 'I would choose the one with the lowest interest rates ', 'Q1': 'The one that makes it easiest for me to pay back'}
24;0;0;0;0;{'Q0': 'The one with the lowest interest rate.', 'Q1': 'The one with the lowest interest rate.'}
206;1;1;0;1;{'Q0': 'I would calculate what my overall interest payment would be for the entire life of each loan.', 'Q1': 'I would choose the loan where I paid the least overall interest.'}
164;0;0;0;0;{'Q0': 'The one with the smallest interest.', 'Q1': 'I would ask my financial advisor and trust their word.'}
104;-1;0;0;-1;
125;1;1;0;1;{'Q0': 'Which one offers lowest comparative rate', 'Q1': 'Lowest interest for longest time'}
31;1;1;0;1;{'Q0': 'I would compare the interest rates against my budget and goals for when I want to have it paid off.', 'Q1': 'The one with the overall lowest interest rate or the lowest rate for the duration of the last 19 years.'}
210;-1;0;0;-1;
219;-1;0;0;-1;
123;1;1;0;1;{'Q0': 'I would first judge the principle of the mortgage to see the lump sum and then the interest rates to see what I would actually be paying for 20 years.', 'Q1': 'Based on the interest rates in relation to each principle.'}
13;0;0;0;0;{'Q0': 'I would evaluate the three interest rates and conditions.', 'Q1': 'I would chose the one that provides me more security and certaint about getting my goal. To have a home by myself.'}
30;1;1;0;1;{'Q0': 'I would choose the mortgage loan that long-term, has me paying the least interest, as opposed to a loan that may have lower interest at the start.', 'Q1': 'I would figure out how much I want to mortgage, calculate the interest I pay in total across the mortgages, and then decide which one has me paying the least interest across the duration of the mortgage'}
80;0;0;0;0;{'Q0': 'The best interest rates', 'Q1': 'The one with the lowest interest rates'}
60;0;0;0;0;{'Q0': 'I would choose the one that has the lowest rates.', 'Q1': 'The one with the lowest rates.'}
195;1;1;0;1;{'Q0': 'I would pick the one with the lowest overall interest fees.', 'Q1': 'I would do the math, which would likely lead to me doing the one with the 19 years'}
224;-1;0;0;-1;
56;0;0;0;0;{'Q0': 'I would choose whichever has the lowest interest rate.', 'Q1': 'I chose whichever had the lowest interest rate, I know next to nothing about mortgages.'}
185;1;1;0;1;{'Q0': 'I would choose the one with lowest long term interest', 'Q1': 'Whatever one has lowest long term interest accruement'}
117;1;1;0;1;{'Q0': 'pick the one with the less interest for the next 19 years', 'Q1': 'make most out of money'}
54;0;0;0;0;"{'Q0': 'I would try to consider which would be the best overall option', 'Q1': ""I picked the one that seemed good for the mid term, so I could make a change if I needed to but wouldn't be stuck in something very long term""}"
162;-1;0;0;-1;
130;0;0;0;0;{'Q0': 'The one with the lowest rate, usually the longest.', 'Q1': 'The lowest rate is usually the lowest'}
223;-1;0;0;-1;
168;-1;0;0;-1;
17;0;0;0;0;{'Q0': 'the lowest of rates.', 'Q1': 'Common sense.'}
200;1;1;0;1;"{'Q0': 'Whichever has the lowest interest rate overall. ', 'Q1': ""It's basically whichever one has the best interest rate in the last 19 years, but the first month/year are a factor if there is a significant difference between the rates during those time periods and the final rate. I would have to see and compare the rates/crunch the numbers on overall interest paid before I made my decision. ""}"
152;0;0;0;0;{'Q0': 'In the beginning, you owe more interest, because your loan balance is still high. So most of your monthly payment goes to pay the interest, and a little bit goes to paying off the principal.', 'Q1': 'Conventional loans.\nConforming loans.\nNonconforming loans.\nFixed-rate loans.'}
212;1;1;0;1;"{'Q0': 'Choose the mortgage with the lowest interest in the next 19 years.  This assumes the interest rates for the 3 time periods are not drastically different (eg. not 10000%, 1000%, 1%)', 'Q1': ""The lowest simplified cumulative interest paid, ignoring compounding.  eg. if a mortgage's interest rates are i1, i2, i3 and the time periods are t1, t2, t3, the simplified cumulative interest calculation is i1 * t1 + i2 * t2 + i3 * t3.""}"
108;-1;0;0;-1;
4;0;0;0;0;{'Q0': 'I would choose the mortgage loan that has the lowest interest rate.', 'Q1': 'The one with the lowest interest rate and the best chance for repayability.'}
121;0;0;0;0;{'Q0': 'whatever has the cheapest interest plan and fits what i need', 'Q1': 'if its beat'}
46;0;0;0;0;"{'Q0': ""I don't understand the explanation"", 'Q1': ""I couldn't""}"
191;1;1;0;1;{'Q0': 'I would look at what the mortgage rates would be over the entire length of the loan', 'Q1': 'I would go with the mortgage that had the lowest long term interest rate'}
92;0;0;0;0;{'Q0': 'which one is for a shorter time period to pay off, ', 'Q1': 'which ones have the lowest interest rates'}
169;1;1;0;1;{'Q0': 'I choose the plan with the lowest interest rates on average over the 19 years', 'Q1': 'The lowest interest rates over the next 19 years because it means lower payments'}
213;0;0;0;0;{'Q0': 'I would choose the one with the lowest interest rate', 'Q1': 'Picking the lowest interest rate'}
113;-1;0;0;-1;
211;1;1;0;1;{'Q0': 'I would calculate the one that charges the least interest and choose that one. ', 'Q1': 'I calculated the total interest.'}
199;0;0;0;0;{'Q0': 'lowest interest rate', 'Q1': 'with lowest interest rate'}
154;1;1;0;1;{'Q0': 'Unless the numbers were ridiculously out-of-balance, I would choose the one which had the best rate for the next 19 years.', 'Q1': 'I chose the one that gives me the lowest overall cost.'}
77;1;1;0;1;{'Q0': 'Choose the loan that offers the lowest interest rate for the next 19 years.', 'Q1': 'I chose this as this is the best option for the long term.  It will take time to pay off a mortgage and you need to think specially about these years.'}
205;1;1;0;1;{'Q0': 'first choose lowest interest rate', 'Q1': 'calculate total cost of theborrowing'}
120;1;1;0;1;{'Q0': 'I would choose the loan with the best rate for the 19 years.', 'Q1': 'In the long run, I will pay a heck of a lot less in interest if I choose the long term best option.'}
126;0;0;0;0;{'Q0': 'price', 'Q1': 'mathttp://mrkennedy.pbworks.com/w/file/fetch/73301780/MCV4U%20Chapter%206%20solutions.pdf'}
48;1;1;0;1;{'Q0': 'I would choose the option that saves me the most money.', 'Q1': 'I picked the one that in the long run would save me the most money.'}
173;-1;0;0;-1;
118;1;1;0;1;"{'Q0': ""the average over 19 years would be what's worth considering"", 'Q1': 'the lowest overall payment'}"
208;0;0;0;0;{'Q0': 'I would pick the one with the most consistent interest rate ', 'Q1': 'i picked the one with the same rate to avoid a higer interest'}
5;0;0;0;0;{'Q0': 'I would have to determine which interest rate would suit my needs knowing that this is for the next 19 years', 'Q1': 'I think that the loan that I chose had the best bang for my buck'}
137;0;0;0;0;{'Q0': 'the lowest rates I would pick', 'Q1': 'by the low rates'}
45;1;1;0;1;{'Q0': 'the next 19 years', 'Q1': 'Certainty. The one for nineteen years gives me certainty for at least 19 years.'}
161;0;0;0;0;{'Q0': 'I would look and forecast the one that has the most consistent rates. Not a lot of fluctuation with the markets. ', 'Q1': 'By reviewing the rates and how they will fluctuate going forward. '}
229;-1;0;0;-1;
133;1;1;0;1;"{'Q0': 'Whichever has the best rate for the last 19 years.', 'Q1': ""I, personally, have a stable income. It's easier to base payments on the long run.""}"
44;1;1;0;1;{'Q0': 'I would try to select the mortgage that has the lowest interest rate over the longest period of time.', 'Q1': 'A lower interest rate should result in savings over time.'}
91;0;0;0;0;{'Q0': 'I would see what the rates are and make my decision.', 'Q1': 'It would be the one that has the lower interest rates.'}
107;-1;0;0;-1;
68;0;0;0;0;{'Q0': 'I would probably choose which loan had the least expensive interest rate.', 'Q1': 'I would consider how much of a down payment I could afford and how the different interest rates might affect my credit score.'}
53;0;0;0;0;{'Q0': 'The first year', 'Q1': '1 year is a good time.'}
194;1;1;0;1;{'Q0': 'next 19 years', 'Q1': 'Longer period future planning'}
193;1;1;0;1;{'Q0': 'I would choose whichever has the lowest interest rate for the 19 years. And preferably a low interest for the single year as well.', 'Q1': 'Whichever has the lowest interest rate for the 19 years.'}
183;1;1;0;1;{'Q0': 'I would love to have a planned mortgage so I would take the most stable one. I would chose the 19 years.', 'Q1': 'I want to know what is going to happen next. But without the interest rates, this is difficult.'}
225;-1;0;0;-1;
134;0;0;0;0;{'Q0': 'I would take in consideration the reliability of the bank and if would honor the variable rates', 'Q1': 'Ask for consideration/advice of a mortgage broker'}
167;0;0;0;0;{'Q0': 'go with the lowest interest rate', 'Q1': 'go with the lowest interest rate'}
57;1;1;0;1;{'Q0': 'I would choose whichever had the best rate over time.', 'Q1': 'By doing the math and finding out how much each loan would cost me in interest.'}
55;0;0;0;0;"{'Q0': 'I would choose the mortgage loan that is closest to my preferred interest rate and terms.', 'Q1': ""If I didn't like any of the three mortgage loans, I would look for an alternative. ""}"
221;-1;0;0;-1;
114;-1;0;0;-1;
27;1;1;0;1;{'Q0': 'I would choose interest rate for the 19 years since longer duration loans typically have lower interest rates. ', 'Q1': 'Longer duration loans typically have less interest rate on them. '}
163;0;0;0;0;"{'Q0': ""Honestly, I'd probably seek expert advice as it's not an area I understand well. "", 'Q1': 'Knowing my personal limitations. '}"
90;1;1;0;1;{'Q0': 'I would choose the one with the lowest interest rate over the next 19 years. ', 'Q1': 'The one with the lowest interest rate over the next 19 years would provide the best value. '}
63;0;0;0;0;"{'Q0': 'I would compare the rate schedules for each loan and try to estimate which one would be the easiest to pay off given where I expect to be at each point in time.', 'Q1': ""I'd prefer a mortgage with the highest up front interest costs, so I can get as much out of the way early on in the process.""}"
47;0;0;0;0;"{'Q0': 'the first month is the best', 'Q1': ""I don't want to subject payments to economic volatility""}"
179;1;1;0;1;{'Q0': 'I would compare the cumulative interests of each interest rate for the entire mortgage duration.', 'Q1': 'I would choose the interest rate with the least total interest for the entire mortgage duration.'}
165;0;0;0;0;{'Q0': 'I would choose whichever of the choices have the lowest interest rates.', 'Q1': 'The mortgage with the lowest interest rate would be the most ideal.\n'}
95;1;1;0;1;{'Q0': 'lowest interest', 'Q1': 'paying the lowest amount of interest over time'}
50;0;0;0;0;{'Q0': 'I would compare the interest rates.', 'Q1': 'I would choose the lowest interest rate.'}
190;0;1;0;0;"{'Q0': 'Whichever accrues the least amount of interest.', 'Q1': ""The one that I'd have to pay the least for unnecessarily.\n""}"
40;1;1;0;1;"{'Q0': ""I'd work out the total cost of the loan over the full 20 years for each mortagage, and choose the one with the lowest. There'd also be concerns as to how much I could afford to pay in interest in the early stages of the loans, too. "", 'Q1': 'On the basis of cost over the full term. '}"
105;-1;0;0;-1;
217;1;1;0;1;{'Q0': 'I would choose the lowest rate for the 19 years', 'Q1': 'I will paying longer so I would want the interest to be lower'}
201;0;0;0;0;{'Q0': 'Middle', 'Q1': 'Middle is best'}
135;1;1;0;1;{'Q0': 'I would choose the mortgage loan that had the lowest 19 year rate.', 'Q1': 'Long-term savings.'}
15;0;0;0;0;{'Q0': 'I would calculate which one will be value for money and whether or not i will be able to earn enough to pay it off. I would pick the one in the first month.', 'Q1': 'I like to get things over and done with and therefore pick the short one as i would not need to worry about it later.'}
28;1;1;0;1;{'Q0': 'I would chose whichever loan would best suit my long term goals. For example: would it help build equity, can I pay it off early without penalty, etc.', 'Q1': 'With my long term financial goals in mind.'}
34;1;1;0;1;{'Q0': 'The one with the lowest overall interest rate', 'Q1': 'I would calculate which mortgage charges the least interest'}
96;1;1;0;1;{'Q0': 'I would choose the one that has the overall lowest interest rate for the entire mortgage period.', 'Q1': 'Which one has the lowest overall interest rate after all things considered.'}
11;1;1;0;1;{'Q0': 'I would choose the cheapest the next 19 years', 'Q1': 'I would like to know what i paying over a longer period so I can plan'}
43;0;0;0;0;{'Q0': 'Who has the lowest overall APR, taking into consideration the differences in the parts of the mortgage.', 'Q1': 'The lowest average APR, taking the time differences into account.'}
25;0;0;0;0;{'Q0': 'I would choose the lowest interest rate. ', 'Q1': 'I would decide which mortgage is best by assessing which one would be paid off in the least amount of time.'}
106;-1;0;0;-1;
207;1;1;0;1;{'Q0': 'I would consider my income and approximately how long it would take me to pay off the mortgage. ', 'Q1': 'I would pick the mortgage loan that has the best interest rate for the next 19 years. '}
101;0;0;0;0;{'Q0': 'It depends on what the rates are.', 'Q1': 'I would compare the rates.'}
119;0;0;0;0;{'Q0': 'Whichever one has the lowest interest rate', 'Q1': 'Whichever one saves me the most money'}
8;0;0;0;0;{'Q0': 'I would choose the most advantageous interest rate, this seems a little vague without the actual interest rates. ', 'Q1': 'Whichever has the lower interest rate'}
166;1;1;0;1;{'Q0': 'I need to know how long I will have to carry this mortgage, what the payment will be. Which one cost me the least interest', 'Q1': 'I need to do the calculation and understand how many years I will carry this mortgage and then choose the mortgage with the least interest cost'}
182;0;0;0;0;{'Q0': 'I would choose the lowest interest rate.', 'Q1': 'I chose the lowest interest rate. '}
220;-1;0;0;-1;
159;0;0;0;0;{'Q0': 'I would choose the one with the lowest interest rate', 'Q1': 'how much would be my monthly payment'}
143;1;1;0;1;"{'Q0': 'I would calculate the total cost at the end of the 20 years and choose the most reasonable one.', 'Q1': 'The best one would be a combination of the cheapest and the most easy to pay back; I would not choose a mortgage that was extremely high or extremely low during one of the three periods, because that would be hard to pay back during that specific period of time.'}"
142;-1;0;0;-1;
74;1;1;0;1;"{'Q0': ""I'd pick whichever mortgage I both could afford at the time and would cost me the least amount of money overall. "", 'Q1': 'Total cost and my current financial situation. '}"
62;1;1;0;1;{'Q0': 'I WILL CHOOSE BEST ONE', 'Q1': '19 YEARS BOND MORTGAGE'}
228;-1;0;0;-1;
197;1;1;0;1;{'Q0': 'Talk to an expert. Also, see which would be the most beneficial in the long run.', 'Q1': 'Looking at which one will cost me the least in the long run.'}
39;1;1;0;1;{'Q0': 'I would choose the mortgage over 19 years, it would allow me to see a better picture of the life of the loan.', 'Q1': 'Based on projections of how the loan will be over a long period of time.'}
181;1;1;0;1;{'Q0': 'i would see who has the lowest interest rate over the period of time', 'Q1': 'i based it on how much interest i would pay in the long term'}
110;0;0;0;0;
94;0;0;0;0;{'Q0': 'i would choose the one with the lowest interest rates', 'Q1': 'by comparing each one and seeing which works best for me'}
29;1;1;0;1;{'Q0': 'I would look at my present, future and way into the future.', 'Q1': 'I would choose the option which demonstrated a good interest rate for the long term. '}
65;0;0;0;0;{'Q0': 'I would choose the loan with the lowest interest rate for each, the first month, the remainder of the first year and the next 19 years.', 'Q1': 'I would choose the mortgage that best suites my current budget without having to pay the loan back over the longest period of time. '}
122;1;1;0;1;{'Q0': 'id choose the one that resulted in paying the least interest ', 'Q1': 'by figuring out the final interest paid. '}
174;-1;0;0;-1;
136;1;1;0;1;{'Q0': 'I would choose the one with the lowest interest rate for the next 19 years, because that would save me more money in the long run. ', 'Q1': 'I thought about which would cost me more in the long run. '}
37;1;1;0;1;{'Q0': 'I would calculate out which one would save me the most money over time', 'Q1': 'the one that will save me the most money would be best'}
61;0;0;0;0;{'Q0': 'Based on the stability of the finances of the rest of my life (debt load, ability to pay, different sources of income, etc)', 'Q1': 'By looking at the mortgage as a piece of the rest of my financial picture.'}
156;1;1;0;1;{'Q0': 'I would choose the one with the lowest interest rate for the next 19 years.', 'Q1': 'I chose this one because in the long run it would cost the least.'}
149;1;1;0;1;{'Q0': 'I would choose the one which generated the least interest overall, so probably the 19 years one, since I will be paying it off for 30 years anyway.', 'Q1': 'Whichever one requires the least amount of increased money to be paid in the longhaul.'}
3;1;1;0;1;{'Q0': 'I would choose the one that had the lowest interest rate for the 19 years', 'Q1': 'I feel that would save me the most because its the longest time frame'}
0;0;0;0;0;"{'Q0': ""I'd consider the companies that are offering these loans along with what suits my current position in life."", 'Q1': ""I'd decide by seeing which mortgage is most convenient to me given my circumstances.""}"
83;1;1;0;1;{'Q0': 'I would choose the loan that would incur me to pay as little interest over all years combined, even with varying rates.', 'Q1': 'I chose the one that would accrue the least interest possible over time so I am not overpaying on my mortgage. '}
59;1;1;0;1;{'Q0': 'I would compare the two side by side and determine which one has the best pros out of the cons.', 'Q1': 'I would decide which one is the most cost effective over the long run. '}
49;1;1;0;1;{'Q0': 'I would choose the one which would be cheaper in the long run. By doing math and calculating how much I would have paid over the next 5 years, 10 years, and 19 years I can choose which one would be most beneficial in the long run. ', 'Q1': 'I would choose the one which costs me the least over time, rather than whatever one is just cheaper for me at the moment. '}
84;1;1;0;1;{'Q0': 'Lowest overall interest', 'Q1': 'Lowest overall interest over the longest period of time'}
89;1;1;0;1;{'Q0': 'I would first determine how long I was likely to live in the house.  Then depending on my answer, I would compute the differences in things like the actual interest rate, the amount of interest I would pay, the monthly payment, the amount of principal that would be paid back over the timeframe, etc. and then go from there.', 'Q1': 'By performing the calculations I described above.  The net is I would choose the loan with the best interest rate that would result in a monthly payment that fit comfortably in my budget for the timespan I am planning to live in the home and pay off the highest amount of principal possible in that timeframe.'}
192;1;1;0;1;{'Q0': 'Assess the financial situation in the near, short, and long term with respect to interest rates, and calculate the total amount due for each option at the end of 20 years', 'Q1': 'Calculating the total cost of the mortgage to be paid at the end of the 20 years of payment'}
73;0;0;0;0;"{'Q0': 'the  remainder of the first year', 'Q1': ""i don't want to choose too close one or too far one, suitable time  is good.""}"
227;-1;0;0;-1;
32;0;0;0;0;{'Q0': 'I would choose the first year.', 'Q1': 'I believe that The first year would give me time to execute the loan.'}
148;1;1;0;1;{'Q0': 'I would pick the most lowest 19 year mortgage', 'Q1': 'Most predictable and lowest'}
175;1;1;0;1;{'Q0': 'I would like at the overall payment amount and compare which one is going to save me the most money.', 'Q1': 'I would choose the loan with the cheapest overall interest rate.'}
20;0;0;0;0;{'Q0': 'I would choose the one with the lowest interest rates', 'Q1': 'The one that is more in my budget'}
99;1;1;0;1;{'Q0': 'I want the mortgage rate that is best over the long term of 19 years. A month will pass quickly and be a small part of the overall cost.', 'Q1': 'I want the mortgage that will be the most stable over the length of time so I can budget successfully.'}
21;0;0;0;0;{'Q0': 'INTERESTING LOAN', 'Q1': 'GOOD TO CHOOSE'}
186;1;1;0;1;{'Q0': 'I would choose the one with the lowest interest rate or nineteen years', 'Q1': 'The nineteen year would be spread out more'}
189;1;1;0;1;{'Q0': 'The one with the lowest interest rate all together', 'Q1': 'The one I pay the least'}
147;-1;0;0;-1;
180;0;0;0;0;{'Q0': 'lowest interest rate', 'Q1': 'lowest interest rate'}
1;0;0;0;0;"{'Q0': ""I'd choose the one I could most easily afford in terms of the monthly payment."", 'Q1': ""right price and the rate won't change with time.""}"
42;0;0;0;0;{'Q0': 'I would choose the one that is cheapest and best suited for myself.', 'Q1': 'I would decide after evaluating each option for which one is best for myself.'}
226;1;1;0;1;"{'Q0': 'the long run. 19 yrs', 'Q1': ""it's more beneficial long term""}"
76;1;1;0;1;"{'Q0': 'Determine how much interest I would pay overall and depends on my financial situation at the time ', 'Q1': ""Mortgage rate and my financial situation (current and future) matter but also the lender matters - e.g. is it a well known bank or a small lender I've never heard of""}"
72;1;1;0;1;{'Q0': 'I would choose the interest rate that has the lowest long-term loan, in order to minimize the long-term interest I pay.', 'Q1': 'I decided that the mortgage with the lowest long-term rate is the best, as it will mean lower payments over the long term, even if it means higher short-term payments. '}
184;1;1;0;1;{'Q0': 'I would use an amortization calculator to select one that will have me paying the lowest interest rate over the entire mortgage. ', 'Q1': 'The one with the lowest interest paid over the entire mortgage. '}
171;1;1;0;1;{'Q0': 'I would try to choose the loan with the overall lowest interest rates.', 'Q1': 'I chose the mortgage with the overall lowest interest rates.'}
196;1;1;0;1;{'Q0': 'I would run the calculations to see which cost the least in the long run. ', 'Q1': 'Based on bottom line which one would cost me the least'}
128;0;0;0;0;{'Q0': 'I would choose the lowest fixed rate at all times.', 'Q1': 'Because fixed rate is the best option for any length loan.'}
203;0;0;0;0;{'Q0': 'lowest interest rates ', 'Q1': 'security of mortgage company '}
178;0;0;0;0;{'Q0': 'I would choose the one with the lowest interest rate.', 'Q1': 'I would just go with the lowest interest rate.'}
41;1;1;0;1;{'Q0': 'I would research the terms and figure out which would cause me to pay the least over time.', 'Q1': 'The one that had the best terms and cost the least over time was chosen.'}
10;1;1;0;1;{'Q0': 'would calculate the total cost', 'Q1': 'which ever cost the least over the full term'}
9;0;0;0;0;{'Q0': 'growth mindset', 'Q1': 'good'}
36;1;1;0;1;{'Q0': 'The loan that has the lowest interest rate for the 19 years.', 'Q1': 'The one that, in the end, helps save me money.'}
124;1;1;0;1;"{'Q0': 'I would choose the mortgage that had a fixed interest rate for 19 years', 'Q1': ""I wouldn't want to chance paying a variable rate if it was going to be higher than the rate I started out with.""}"
85;1;1;0;1;{'Q0': 'I would choose the mortgage that resulted in the least interest paid as long as I could afford it.', 'Q1': 'The best mortgage is one that I would pay the least total money toward.'}
172;0;0;0;0;{'Q0': 'I would make the decision based on how I earn money, my age, and future wage earning ', 'Q1': 'I would look closely at the interest rates'}
2;1;1;0;1;{'Q0': 'I would choose the rate with the lowest rate for the next 19 years ', 'Q1': 'Would prefer to pay a lower rater over time than right off the bat '}