pid,condition,conditionType,status,bonus,timeTracking,totalTime,attemptsQuiz1,gender,age,qConfusing,qFollowStrategy,feedback,MLcheatTrials,MLclicksNumber,RTcheatTrials,RTclicksNumber,RTclicksNumberMean,RTscores,RTscoresMean,RTscoresExp,RTscoresExpMean,prompts,ML_pa_mean,ML_pa_complete,RT_pa_mean,RT_pa_complete,RT_et_complete,RT_pa_meanFH,RT_pa_meanFT
0,0,control,3,1.79,"[23.2, 38.8]",39.2,6,female,32,No,-,,0,[],0,"[3, 3, 4, 2, 2, 3, 2, 2]",2.625,"""[305, 190, 375, 195, 225, 350, 300, 265]""",275.625,"[342.5, 197.5, 330, 195, 232.5, 342.5, 420, 332.5]",299.0625,[],,[],0.7917,"[0.6666666666666666, 0.6666666666666666, 1.0, 1.0, 1.0, 1.0, 0.0, 1.0]","[0, 0, 0, 0, 0, 0, 0, 0]",0.8333,0.6667
1,0,control,3,1.02,"[16.4, 49.3]",49.4,1,Female,36,No,-,,0,[],0,"[10, 5, 7, 7, 8, 5, 6, 4]",6.5,"""[360, 255, 445, 575, 530, 210, 335, 375]""",385.625,"[360, 255, 445, 575, 530, 210, 335, 382.5]",386.5625,[],,[],0.4375,"[0.0, 0.6666666666666666, 1.0, 0.0, 0.0, 0.5, 0.3333333333333333, 1.0]","[0, 0, 0, 0, 0, 0, 0, 0]",0.4167,0.0
2,0,control,3,1.91,"[9.6, 17.8]",18.0,2,Female,34,No,-,No,0,[],0,"[4, 4, 4, 4, 3, 3, 3, 3]",3.5,"""[260, 185, 260, 305, 390, 265, 250, 175]""",261.25,"[245, 215, 245, 282.5, 405, 242.5, 242.5, 205]",260.3125,[],,[],0.9375,"[0.5, 1.0, 1.0, 1.0, 1.0, 1.0, 1.0, 1.0]","[0, 0, 0, 0, 0, 0, 0, 0]",0.875,0.5
3,0,control,4,1.61,"[10.2, 20.4]",20.5,3,Female,22,Did not make it clear on how to select the route,-,,0,[],0,"[2, 1, 1, 2, 2, 3, 2, 2]",1.875,"""[525, 155, 185, 255, 150, 365, 455, 325]""",301.875,"[375, 327.5, 350, 270, 172.5, 350, 410, 370]",328.125,[],,[],0.5,"[0.0, 0.0, 0.0, 1.0, 0.5, 1.0, 0.5, 1.0]","[0, 0, 0, 0, 0, 0, 0, 0]",0.25,0.0
4,0,control,4,1.76,"[7.6, 14.0]",14.3,1,Male,28,No.,-,None.,0,[],0,"[3, 2, 4, 4, 4, 2, 4, 3]",3.25,"""[235, 280, 470, 230, 260, 210, 285, 275]""",280.625,"[385, 337.5, 320, 380, 290, 195, 330, 305]",317.8125,[],,[],0.4062,"[0.0, 0.0, 0.25, 0.0, 0.0, 1.0, 1.0, 1.0]","[0, 0, 0, 0, 0, 0, 0, 0]",0.0625,0.0
5,0,control,4,1.28,"[9.7, 21.7]",21.9,1,Male,39,no,-,This was very fun!  Please post more of these!!,0,[],0,"[6, 6, 2, 2, 4, 4, 7, 7]",4.75,"""[395, 395, 280, 380, 215, 530, 215, 335]""",343.125,"[395, 452.5, 337.5, 322.5, 357.5, 357.5, 215, 335]",346.5625,[],,[],0.0,"[0.0, 0.0, 0.0, 0.0, 0.0, 0.0, 0.0, 0.0]","[0, 0, 0, 0, 0, 0, 0, 0]",0.0,0.0
6,0,control,4,1.53,"[6.9, 15.2]",15.5,1,Male,41,No,-,,0,[],0,"[2, 1, 1, 1, 1, 1, 1, 1]",1.125,"""[295, 400, 370, 560, 300, 155, 230, 215]""",315.625,"[360, 372.5, 335, 410, 285, 185, 222.5, 372.5]",317.8125,[],,[],0.75,"[0.0, 0.0, 1.0, 1.0, 1.0, 1.0, 1.0, 1.0]","[0, 0, 0, 0, 0, 0, 0, 0]",0.5,0.0
7,0,control,4,1.02,"[7.4, 16.4]",16.6,4,Male,21 years old,No; the instructions were very straightforward.,-,,0,[],0,"[10, 10, 10, 10, 10, 10, 10, 10]",10.0,"""[320, 375, 405, 275, 375, 505, 230, 605]""",386.25,"[320, 375, 405, 275, 375, 505, 230, 605]",386.25,[],,[],0.1667,"[1.0, 0.0, 0.0, 0.0, 0.0, 0.0, 0.3333333333333333, 0.0]","[0, 0, 0, 0, 0, 0, 0, 0]",0.25,1.0
8,0,control,4,1.64,"[7.5, 17.5]",18.0,1,Male,19,"No, I understood them clearly.",-,It was a fun game! I enjoy strategy games like these.,0,[],0,"[5, 3, 4, 4, 2, 1, 4, 1]",3.0,"""[270, 320, 375, 405, 180, 230, 315, 270]""",295.625,"[427.5, 312.5, 345, 390, 382.5, 185, 352.5, 285]",335.0,[],,[],0.8333,"[0.0, 0.6666666666666666, 1.0, 1.0, 1.0, 1.0, 1.0, 1.0]","[0, 0, 0, 0, 0, 0, 0, 0]",0.6667,0.0
9,0,control,4,1.88,"[11.0, 23.1]",23.3,2,female,40,no,-,,0,[],0,"[3, 6, 6, 5, 6, 3, 6, 5]",5.0,"""[205, 280, 235, 370, 340, 190, 280, 225]""",265.625,"[205, 257.5, 235, 370, 325, 212.5, 280, 225]",263.75,[],,[],0.5208,"[0.3333333333333333, 0.0, 0.6666666666666666, 1.0, 0.3333333333333333, 0.3333333333333333, 1.0, 0.5]","[0, 0, 0, 0, 0, 0, 0, 0]",0.5,0.3333
10,0,control,4,1.31,"[6.8, 17.7]",17.9,1,FEMALE,32,NO,-,,0,[],0,"[3, 3, 3, 3, 4, 3, 3, 3]",3.125,"""[450, 290, 190, 380, 275, 380, 260, 465]""",336.25,"[385, 312.5, 197.5, 380, 275, 365, 305, 442.5]",332.8125,[],,[],0.625,"[0.5, 0.6666666666666666, 0.3333333333333333, 0.5, 0.3333333333333333, 1.0, 0.6666666666666666, 1.0]","[0, 0, 0, 0, 0, 0, 0, 0]",0.5,0.5
11,0,control,4,1.27,"[10.2, 19.1]",19.5,2,Male,44,No there was no confusion.,-,No comments come to mind.,0,[],0,"[4, 4, 5, 2, 2, 4, 4, 2]",3.375,"""[400, 260, 340, 310, 480, 460, 285, 195]""",341.25,"[372.5, 230, 390, 375, 360, 410, 357.5, 322.5]",352.1875,[],,[],0.0,"[0.0, 0.0, 0.0, 0.0, 0.0, 0.0, 0.0, 0.0]","[0, 0, 0, 0, 0, 0, 0, 0]",0.0,0.0
12,0,control,4,1.42,"[11.5, 28.7]",29.0,2,Male,32,"Not exactly, I just should have done more research on some of the situations.",-,Fun exercise!,0,[],0,"[3, 3, 3, 2, 3, 4, 2, 5]",3.125,"""[535, 275, 235, 440, 175, 230, 495, 225]""",326.25,"[400, 325, 377.5, 367.5, 197.5, 222.5, 382.5, 232.5]",313.125,[],,[],0.4167,"[0.0, 0.0, 0.0, 0.0, 0.6666666666666666, 0.6666666666666666, 1.0, 1.0]","[0, 0, 0, 0, 0, 0, 0, 0]",0.0,0.0
13,0,control,4,1.11,"[11.8, 18.6]",18.8,2,Female,30,No,-,,0,[],0,"[2, 2, 2, 3, 2, 1, 2, 1]",1.875,"""[465, 510, 540, 335, 165, 185, 280, 460]""",367.5,"[337.5, 420, 360, 342.5, 195, 185, 332.5, 410]",322.8125,[],,[],0.5625,"[0.0, 0.0, 0.0, 1.0, 1.0, 1.0, 0.5, 1.0]","[0, 0, 0, 0, 0, 0, 0, 0]",0.25,0.0
14,0,control,4,0.99,"[9.5, 22.2]",22.5,2,Female,27,"No, the instructions were very clear",-,,0,[],0,"[3, 3, 3, 3, 3, 3, 3, 3]",3.0,"""[520, 360, 220, 465, 295, 420, 490, 260]""",378.75,"[347.5, 355, 377.5, 437.5, 280, 442.5, 332.5, 332.5]",363.125,[],,[],0.4375,"[0.0, 0.6666666666666666, 0.5, 0.3333333333333333, 1.0, 1.0, 0.0, 0.0]","[0, 0, 0, 0, 0, 0, 0, 0]",0.375,0.0
15,0,control,4,2.13,"[7.7, 18.1]",18.5,1,male,32,No,-,None,0,[],0,"[4, 2, 3, 4, 3, 2, 4, 1]",2.875,"""[275, 195, 220, 300, 250, 165, 230, 230]""",233.125,"[245, 195, 227.5, 292.5, 280, 187.5, 245, 222.5]",236.875,[],,[],0.8333,"[1.0, 1.0, 0.5, 1.0, 0.6666666666666666, 0.5, 1.0, 1.0]","[0, 0, 0, 0, 0, 0, 0, 0]",0.875,1.0
16,0,control,4,1.17,"[14.7, 36.4]",36.6,1,FEMALE,30,NO,-,,0,[],0,"[3, 2, 2, 1, 1, 2, 2, 1]",1.75,"""[235, 280, 525, 545, 475, 280, 280, 285]""",363.125,"[370, 360, 360, 372.5, 410, 345, 345, 335]",362.1875,[],,[],0.0,"[0.0, 0.0, 0.0, 0.0, 0.0, 0.0, 0.0, 0.0]","[0, 0, 0, 0, 0, 0, 0, 0]",0.0,0.0
17,0,control,4,1.2,"[11.6, 23.3]",23.4,3,female,50,no,-,,0,[],0,"[4, 1, 1, 1, 6, 2, 2, 2]",2.375,"""[290, 230, 255, 315, 480, 455, 425, 350]""",350.0,"[290, 380, 327.5, 350, 422.5, 390, 352.5, 322.5]",354.375,[],,[],0.0,"[0.0, 0.0, 0.0, 0.0, 0.0, 0.0, 0.0, 0.0]","[0, 0, 0, 0, 0, 0, 0, 0]",0.0,0.0
18,0,control,4,1.26,"[13.9, 23.4]",23.5,3,Female,29,No,-,,0,[],0,"[2, 2, 4, 2, 1, 2, 2, 3]",2.25,"""[310, 410, 475, 365, 515, 165, 225, 290]""",344.375,"[360, 360, 432.5, 337.5, 365, 210, 270, 297.5]",329.0625,[],,[],0.2083,"[0.0, 0.0, 0.0, 0.0, 0.0, 0.5, 0.5, 0.6666666666666666]","[0, 0, 0, 0, 0, 0, 0, 0]",0.0,0.0
19,0,control,4,0.94,"[8.6, 15.8]",16.1,1,Male,27,No,-,This was fun! Thanks!!,0,[],0,"[5, 2, 1, 1, 1, 1, 2, 1]",1.75,"""[510, 355, 185, 440, 545, 415, 180, 485]""",389.375,"[382.5, 390, 380, 312.5, 410, 395, 330, 335]",366.875,[],,[],0.0,"[0.0, 0.0, 0.0, 0.0, 0.0, 0.0, 0.0, 0.0]","[0, 0, 0, 0, 0, 0, 0, 0]",0.0,0.0
20,0,control,4,1.77,"[6.9, 13.1]",13.3,1,Male,30,"No, everything was clear.",-,,0,[],0,"[3, 3, 5, 4, 3, 4, 4, 1]",3.375,"""[520, 220, 240, 245, 265, 215, 360, 185]""",281.25,"[370, 227.5, 367.5, 245, 272.5, 417.5, 352.5, 185]",304.6875,[],,[],0.4792,"[0.0, 0.5, 0.0, 0.5, 0.3333333333333333, 0.5, 1.0, 1.0]","[0, 0, 0, 0, 0, 0, 0, 0]",0.25,0.0
21,0,control,4,1.65,"[12.4, 21.8]",22.1,3,Female,26,No,-,,0,[],0,"[4, 5, 3, 5, 5, 5, 3, 4]",4.25,"""[260, 285, 275, 345, 340, 455, 205, 185]""",293.75,"[260, 285, 275, 345, 362.5, 447.5, 205, 192.5]",296.5625,[],,[],0.7083,"[0.3333333333333333, 0.5, 0.3333333333333333, 0.5, 1.0, 1.0, 1.0, 1.0]","[0, 0, 0, 0, 0, 0, 0, 0]",0.4167,0.3333
22,0,control,4,1.92,"[10.5, 24.6]",25.2,3,Female,29,No,-,This was a fun and entertaining HIT. Thank you!,0,[],0,"[4, 1, 4, 6, 3, 5, 5, 3]",3.875,"""[230, 230, 360, 235, 160, 240, 410, 220]""",260.625,"[230, 222.5, 345, 235, 205, 277.5, 455, 205]",271.875,[],,[],0.875,"[0.0, 1.0, 1.0, 1.0, 1.0, 1.0, 1.0, 1.0]","[0, 0, 0, 0, 0, 0, 0, 0]",0.75,0.0
23,0,control,4,0.98,"[8.0, 18.0]",18.1,2,female,31,no,-,"no, thank you!",0,[],0,"[6, 4, 6, 5, 7, 4, 4, 5]",5.125,"""[550, 575, 410, 225, 345, 330, 305, 400]""",392.5,"[550, 560, 395, 217.5, 345, 352.5, 297.5, 377.5]",386.875,[],,[],0.875,"[0.0, 1.0, 1.0, 1.0, 1.0, 1.0, 1.0, 1.0]","[0, 0, 0, 0, 0, 0, 0, 0]",0.75,0.0
24,0,control,4,1.9,"[7.7, 19.2]",19.3,1,f,57,no,-,,0,[],0,"[3, 4, 3, 3, 3, 2, 3, 2]",2.875,"""[175, 215, 405, 320, 220, 355, 235, 180]""",263.125,"[325, 215, 480, 342.5, 205, 332.5, 242.5, 195]",292.1875,[],,[],0.8542,"[0.3333333333333333, 0.5, 1.0, 1.0, 1.0, 1.0, 1.0, 1.0]","[0, 0, 0, 0, 0, 0, 0, 0]",0.7083,0.3333
25,0,control,4,1.26,"[9.8, 17.9]",18.1,4,woman,50,Yes. They could have been more conscise.,-,,0,[],0,"[3, 2, 1, 2, 1, 4, 1, 2]",2.0,"""[490, 340, 345, 180, 315, 330, 445, 295]""",342.5,"[362.5, 375, 410, 195, 410, 315, 372.5, 310]",343.75,[],,[],0.5625,"[0.0, 0.0, 0.0, 1.0, 1.0, 1.0, 1.0, 0.5]","[0, 0, 0, 0, 0, 0, 0, 0]",0.25,0.0
26,0,control,4,1.44,"[6.9, 16.6]",16.8,1,female,48,"not at all, made perfect sense.",-,this was super fun thank you,0,[],0,"[3, 4, 3, 2, 3, 4, 3, 4]",3.25,"""[380, 485, 295, 225, 290, 200, 250, 435]""",320.0,"[395, 485, 280, 225, 297.5, 350, 377.5, 390]",350.0,[],,[],0.2292,"[0.3333333333333333, 0.3333333333333333, 0.0, 0.5, 0.3333333333333333, 0.0, 0.0, 0.3333333333333333]","[0, 0, 0, 0, 0, 0, 0, 0]",0.2917,0.3333
27,0,control,4,1.24,"[15.7, 28.7]",29.3,8,Male,27,Nothing was confusing,-,,0,[],0,"[5, 3, 4, 6, 7, 3, 3, 4]",4.375,"""[270, 335, 545, 380, 580, 290, 190, 290]""",360.0,"[270, 335, 545, 380, 580, 290, 190, 290]",360.0,[],,[],0.125,"[0.0, 0.3333333333333333, 0.0, 0.0, 0.0, 0.3333333333333333, 0.3333333333333333, 0.0]","[0, 0, 0, 0, 0, 0, 0, 0]",0.0833,0.0
28,0,control,4,1.48,"[7.4, 18.5]",18.7,1,female,32,No,-,This was fun! I really enjoyed it. ,0,[],0,"[6, 4, 3, 3, 3, 4, 5, 4]",4.0,"""[520, 215, 265, 350, 250, 345, 310, 285]""",317.5,"[550, 207.5, 257.5, 342.5, 220, 322.5, 317.5, 292.5]",313.75,[],,[],0.7917,"[0.0, 1.0, 1.0, 1.0, 0.3333333333333333, 1.0, 1.0, 1.0]","[0, 0, 0, 0, 0, 0, 0, 0]",0.75,0.0
29,0,control,4,1.04,"[8.7, 15.2]",15.3,3,Male,32,No,-,,0,[],0,"[6, 3, 2, 5, 6, 6, 5, 3]",4.5,"""[450, 250, 255, 540, 440, 280, 475, 305]""",374.375,"[457.5, 250, 232.5, 532.5, 432.5, 302.5, 422.5, 305]",366.875,[],,[],0.7188,"[0.0, 0.5, 1.0, 1.0, 1.0, 0.25, 1.0, 1.0]","[0, 0, 0, 0, 0, 0, 0, 0]",0.625,0.0
30,0,control,4,1.48,"[12.7, 19.8]",20.0,2,Female,36,"At first I didn't understand that every stop meant a hotel night, but after reading the instructions a second time I understood. ",-,Fun HIT!,0,[],0,"[2, 2, 2, 2, 2, 2, 3, 2]",2.125,"""[495, 210, 325, 540, 325, 195, 160, 310]""",320.0,"[570, 195, 332.5, 405, 370, 195, 205, 332.5]",325.625,[],,[],0.9375,"[1.0, 1.0, 1.0, 0.5, 1.0, 1.0, 1.0, 1.0]","[0, 0, 0, 0, 0, 0, 0, 0]",0.875,1.0
31,0,control,4,1.09,"[6.9, 12.0]",12.3,1,Male,22,No,-,,0,[],0,"[2, 1, 1, 1, 1, 2, 3, 3]",1.75,"""[395, 455, 500, 230, 285, 555, 310, 235]""",370.625,"[367.5, 327.5, 350, 380, 327.5, 420, 295, 235]",337.8125,[],,[],0.0833,"[0.0, 0.0, 0.0, 0.0, 0.0, 0.0, 0.3333333333333333, 0.3333333333333333]","[0, 0, 0, 0, 0, 0, 0, 0]",0.0,0.0
32,0,control,4,1.96,"[8.0, 24.0]",24.4,1,female,47,A little at first.,-,,0,[],0,"[7, 2, 2, 1, 1, 1, 2, 3]",2.375,"""[490, 210, 240, 230, 140, 245, 195, 290]""",255.0,"[512.5, 195, 232.5, 260, 185, 222.5, 232.5, 305]",268.125,[],,[],0.9167,"[0.3333333333333333, 1.0, 1.0, 1.0, 1.0, 1.0, 1.0, 1.0]","[0, 0, 0, 0, 0, 0, 0, 0]",0.8333,0.3333
33,0,control,4,1.34,"[6.1, 14.5]",14.6,1,Female,43,No,-,,0,[],0,"[4, 2, 2, 2, 2, 2, 2, 2]",2.25,"""[245, 540, 225, 255, 500, 180, 325, 425]""",336.875,"[267.5, 412.5, 375, 360, 397.5, 345, 390, 382.5]",366.25,[],,[],0.1458,"[0.6666666666666666, 0.0, 0.0, 0.0, 0.0, 0.0, 0.5, 0.0]","[0, 0, 0, 0, 0, 0, 0, 0]",0.1667,0.6667
34,0,control,4,1.48,"[7.9, 19.4]",19.8,1,female,38,no,-,One of the more enjoyable activities I've done on mTurk!,0,[],0,"[3, 6, 7, 2, 2, 4, 3, 2]",3.625,"""[320, 265, 665, 240, 225, 300, 335, 340]""",336.25,"[335, 272.5, 620, 195, 195, 330, 305, 332.5]",323.125,[],,[],0.6667,"[0.3333333333333333, 0.0, 0.0, 1.0, 1.0, 1.0, 1.0, 1.0]","[0, 0, 0, 0, 0, 0, 0, 0]",0.3333,0.3333
35,0,control,4,1.79,"[9.3, 22.8]",23.0,2,female,26,no,-,,0,[],0,"[10, 4, 5, 8, 3, 3, 3, 3]",4.875,"""[375, 200, 210, 430, 220, 265, 220, 290]""",276.25,"[375, 200, 210, 430, 197.5, 257.5, 220, 305]",274.375,[],,[],0.4583,"[0.0, 0.5, 0.0, 1.0, 0.3333333333333333, 0.5, 0.3333333333333333, 1.0]","[0, 0, 0, 0, 0, 0, 0, 0]",0.375,0.0
36,0,control,4,0.98,"[9.2, 22.3]",22.6,2,male,53,the instructions were clear,-,"that was fun, thank you for includingme",0,[],0,"[6, 6, 4, 3, 5, 2, 4, 2]",4.0,"""[520, 350, 415, 380, 425, 270, 375, 310]""",380.625,"[542.5, 350, 437.5, 365, 402.5, 382.5, 345, 332.5]",394.6875,[],,[],0.7188,"[0.0, 0.25, 1.0, 1.0, 1.0, 1.0, 1.0, 0.5]","[0, 0, 0, 0, 0, 0, 0, 0]",0.5625,0.0
37,0,control,4,1.6,"[7.2, 13.8]",14.0,1,Female,27,No,-,,0,[],0,"[3, 1, 4, 3, 5, 4, 4, 3]",3.375,"""[610, 170, 315, 190, 355, 275, 260, 335]""",313.75,"[437.5, 185, 307.5, 182.5, 347.5, 282.5, 245, 342.5]",291.25,[],,[],0.7917,"[0.0, 1.0, 1.0, 0.3333333333333333, 1.0, 1.0, 1.0, 1.0]","[0, 0, 0, 0, 0, 0, 0, 0]",0.5833,0.0
38,0,control,4,0.81,"[11.8, 19.6]",19.8,4,Female,29,No. Nothing was confusing,-,none,0,[],0,"[1, 2, 2, 2, 2, 2, 3, 1]",1.875,"""[385, 295, 295, 210, 570, 600, 550, 530]""",429.375,"[357.5, 375, 345, 375, 375, 397.5, 392.5, 357.5]",371.875,[],,[],0.0,"[0.0, 0.0, 0.0, 0.0, 0.0, 0.0, 0.0, 0.0]","[0, 0, 0, 0, 0, 0, 0, 0]",0.0,0.0
39,0,control,4,1.04,"[11.3, 23.5]",23.7,2,woman,22,no,-,it was fun,0,[],0,"[4, 7, 9, 9, 7, 7, 4, 6]",6.625,"""[315, 230, 265, 495, 545, 475, 200, 480]""",375.625,"[372.5, 230, 265, 495, 545, 497.5, 372.5, 480]",407.1875,[],,[],0.0,"[0.0, 0.0, 0.0, 0.0, 0.0, 0.0, 0.0, 0.0]","[0, 0, 0, 0, 0, 0, 0, 0]",0.0,0.0
40,0,control,4,0.76,"[10.8, 25.1]",25.4,3,female,36,no,-,,0,[],0,"[3, 6, 7, 4, 6, 9, 8, 8]",6.375,"""[505, 420, 245, 485, 595, 385, 340, 370]""",418.125,"[355, 420, 245, 335, 572.5, 385, 340, 370]",377.8125,[],,[],0.0625,"[0.0, 0.0, 0.0, 0.0, 0.0, 0.0, 0.0, 0.5]","[0, 0, 0, 0, 0, 0, 0, 0]",0.0,0.0
41,0,control,4,1.18,"[16.8, 27.0]",27.2,2,Female,26,No.,-,No.,0,[],0,"[4, 4, 3, 2, 2, 1, 3, 1]",2.5,"""[200, 530, 205, 465, 340, 355, 505, 255]""",356.875,"[350, 410, 355, 532.5, 375, 350, 377.5, 312.5]",382.8125,[],,[],0.125,"[0.0, 0.0, 0.0, 1.0, 0.0, 0.0, 0.0, 0.0]","[0, 0, 0, 0, 0, 0, 0, 0]",0.25,0.0
42,0,control,4,1.48,"[9.6, 19.3]",19.4,3,Male,32,The only thing that I didnt think was clear was clicking the arrows for the route.,-,,0,[],0,"[2, 2, 4, 3, 3, 1, 3, 2]",2.5,"""[440, 210, 285, 365, 250, 200, 275, 585]""",326.25,"[390, 270, 315, 320, 242.5, 185, 305, 532.5]",320.0,[],,[],0.875,"[0.0, 1.0, 1.0, 1.0, 1.0, 1.0, 1.0, 1.0]","[0, 0, 0, 0, 0, 0, 0, 0]",0.75,0.0
43,0,control,4,1.86,"[98.9, 106.5]",106.7,2,Female,26,No,-,,0,[],0,"[4, 4, 4, 2, 4, 3, 4, 4]",3.625,"""[300, 290, 315, 210, 245, 235, 215, 335]""",268.125,"[372.5, 267.5, 292.5, 210, 222.5, 235, 192.5, 282.5]",259.375,[],,[],0.5104,"[0.0, 0.5, 1.0, 0.5, 0.3333333333333333, 0.5, 0.75, 0.5]","[0, 0, 0, 0, 0, 0, 0, 0]",0.5,0.0
44,0,control,4,1.49,"[7.2, 13.8]",14.1,2,Male,23,No.,-,Completion code?,0,[],0,"[3, 2, 2, 4, 2, 4, 4, 3]",3.0,"""[350, 455, 195, 330, 180, 445, 345, 205]""",313.125,"[357.5, 375, 195, 322.5, 195, 402.5, 345, 377.5]",321.25,[],,[],0.6667,"[0.3333333333333333, 0.0, 1.0, 1.0, 1.0, 0.5, 1.0, 0.5]","[0, 0, 0, 0, 0, 0, 0, 0]",0.5833,0.3333
45,0,control,4,0.78,"[7.7, 13.4]",13.6,2,Female,35,Not really,-,,0,[],0,"[1, 2, 2, 2, 2, 1, 2, 3]",1.875,"""[385, 425, 555, 470, 265, 275, 395, 625]""",424.375,"[335, 345, 405, 427.5, 295, 260, 432.5, 580]",385.0,[],,[],0.625,"[0.0, 0.5, 0.0, 0.5, 1.0, 1.0, 1.0, 1.0]","[0, 0, 0, 0, 0, 0, 0, 0]",0.25,0.0
46,0,control,6,0.0,"[17.3, 0]",,5,-,-,-,-,-,0,[],0,[],,"""[]""",,[],,[],,[],,[],[],,
47,0,control,6,0.0,"[0, 0]",,0,-,-,-,-,-,0,[],0,[],,"""[]""",,[],,[],,[],,[],[],,
48,0,control,6,0.0,"[0, 0]",,0,-,-,-,-,-,0,[],0,[],,"""[]""",,[],,[],,[],,[],[],,
49,0,control,6,0.0,"[8.1, 0]",,1,-,-,-,-,-,0,[],0,[],,"""[]""",,[],,[],,[],,[],[],,
50,0,control,6,0.0,"[10.3, 0]",,2,-,-,-,-,-,0,[],0,"[6, 10]",8.0,"""[550, 405]""",477.5,"[550, 405]",477.5,[],,[],0.0,"[0.0, 0.0]","[0, 0]",0.0,0.0
51,0,control,6,0.0,"[16.8, 0]",,1,-,-,-,-,-,0,[],0,[],,"""[]""",,[],,[],,[],,[],[],,
52,0,control,6,0.0,"[0, 0]",,0,-,-,-,-,-,0,[],0,[],,"""[]""",,[],,[],,[],,[],[],,
53,0,control,6,0.0,"[0, 0]",,0,-,-,-,-,-,0,[],0,[],,"""[]""",,[],,[],,[],,[],[],,
54,0,control,6,0.0,"[0, 0]",,0,-,-,-,-,-,0,[],0,[],,"""[]""",,[],,[],,[],,[],[],,
55,0,control,6,0.0,"[0, 0]",,0,-,-,-,-,-,0,[],0,[],,"""[]""",,[],,[],,[],,[],[],,
56,0,control,6,0.0,"[9.2, 0]",,1,-,-,-,-,-,0,[],0,[],,"""[]""",,[],,[],,[],,[],[],,
57,0,control,6,0.0,"[0, 0]",,0,-,-,-,-,-,0,[],0,[],,"""[]""",,[],,[],,[],,[],[],,
58,0,control,6,0.0,"[14.1, 0]",,3,-,-,-,-,-,0,[],0,[],,"""[]""",,[],,[],,[],,[],[],,
59,0,control,6,0.0,"[0, 0]",,0,-,-,-,-,-,0,[],0,[],,"""[]""",,[],,[],,[],,[],[],,
60,0,control,6,0.0,"[0, 0]",,0,-,-,-,-,-,0,[],0,[],,"""[]""",,[],,[],,[],,[],[],,
61,0,control,6,0.0,"[0, 0]",,0,-,-,-,-,-,0,[],0,[],,"""[]""",,[],,[],,[],,[],[],,
62,0,control,6,0.0,"[13.7, 0]",,3,-,-,-,-,-,0,[],0,"[5, 1, 4, 1, 3, 3, 3, 4]",3.0,"""[470, 155, 315, 185, 335, 395, 205, 405]""",308.125,"[470, 185, 352.5, 185, 342.5, 342.5, 182.5, 367.5]",303.4375,[],,[],0.75,"[0.0, 1.0, 0.6666666666666666, 1.0, 1.0, 1.0, 0.3333333333333333, 1.0]","[0, 0, 0, 0, 0, 0, 0, 0]",0.6667,0.0
63,0,control,6,0.0,"[11.4, 0]",,2,-,-,-,-,-,0,[],0,[],,"""[]""",,[],,[],,[],,[],[],,
64,0,control,6,0.0,"[12.6, 0]",,0,-,-,-,-,-,0,[],0,[],,"""[]""",,[],,[],,[],,[],[],,
65,0,control,6,0.0,"[15.9, 0]",,10,-,-,-,-,-,0,[],0,[],,"""[]""",,[],,[],,[],,[],[],,
66,0,control,6,0.0,"[0, 0]",,0,-,-,-,-,-,0,[],0,[],,"""[]""",,[],,[],,[],,[],[],,
67,0,control,6,0.0,"[0, 0]",,0,-,-,-,-,-,0,[],0,[],,"""[]""",,[],,[],,[],,[],[],,
68,0,control,6,0.0,"[15.2, 0]",,2,-,-,-,-,-,0,[],0,[],,"""[]""",,[],,[],,[],,[],[],,
0,1,Supported Training,2,0.0,"[15.4, 0]",,2,-,-,-,-,-,0,"[12, 10, 12, 10, 6, 8, 4, 8, 12, 8]",0,,,"""[320, 405, 405]""",376.6667,,,[],0.9,"[0.8333333333333334, 1.0, 1.0, 1.0, 1.0, 1.0, 0.5, 0.6666666666666666, 1.0, 1.0]",1.0,"[1.0, 1.0, 1.0]","[0, 0, 0]",1.0,1.0
1,1,Supported Training,3,1.21,"[5.9, 15.6]",15.8,1,Female,30,"No, they were very clear. ",-,,0,"[6, 4, 5, 5, 5, 1, 5, 4, 4, 5]",0,,,"""[195, 575, 450, 420, 255, 360, 190, 415]""",357.5,,,[],1.0,"[1.0, 1.0, 1.0, 1.0, 1.0, 1.0, 1.0, 1.0, 1.0, 1.0]",0.5208,"[0.5, 0.5, 0.0, 0.6666666666666666, 0.5, 0.6666666666666666, 0.6666666666666666, 0.6666666666666666]","[0, 0, 0, 0, 0, 0, 0, 0]",0.4167,0.5
2,1,Supported Training,3,1.71,"[15.0, 29.4]",29.6,3,male,57,"No, easy to figure out",-,,0,"[4, 2, 3, 3, 5, 1, 4, 5, 1, 1]",0,,,"""[220, 245, 245, 450, 220, 215, 385, 315]""",286.875,,,[],0.95,"[0.5, 1.0, 1.0, 1.0, 1.0, 1.0, 1.0, 1.0, 1.0, 1.0]",0.5417,"[0.3333333333333333, 0.0, 0.3333333333333333, 0.5, 0.6666666666666666, 0.5, 1.0, 1.0]","[0, 0, 0, 0, 0, 0, 0, 0]",0.2917,0.3333
3,1,Supported Training,3,1.34,"[6.3, 13.6]",13.7,4,Female,19,No,-,,0,"[6, 1, 6, 5, 1, 3, 6, 5, 4, 5]",0,,,"""[200, 415, 270, 410, 395, 320, 335, 310]""",331.875,,,[],0.94,"[1.0, 1.0, 1.0, 1.0, 1.0, 1.0, 1.0, 0.4, 1.0, 1.0]",0.0,"[0.0, 0.0, 0.0, 0.0, 0.0, 0.0, 0.0, 0.0]","[0, 0, 0, 0, 0, 0, 0, 0]",0.0,0.0
4,1,Supported Training,3,1.54,"[8.9, 16.7]",17.0,3,male,50,"no, but practicing made it clearer",-,,0,"[12, 12, 12, 12, 12, 12, 12, 12, 12, 12]",0,,,"""[430, 235, 430, 240, 305, 165, 225, 435]""",308.125,,,[],0.9833,"[1.0, 1.0, 1.0, 1.0, 1.0, 0.8333333333333334, 1.0, 1.0, 1.0, 1.0]",0.8542,"[1.0, 0.3333333333333333, 0.5, 1.0, 1.0, 1.0, 1.0, 1.0]","[0, 0, 0, 0, 0, 0, 0, 0]",0.7083,1.0
5,1,Supported Training,3,1.68,"[15.0, 28.0]",28.2,10,male,32,I was slightly confused by the questions section but not the task itself.,-,,1,"[0, 12, 10, 12, 12, 6, 4, 1, 4, 1]",0,,,"""[380, 210, 400, 215, 325, 240, 200, 350]""",290.0,,,[],0.8333,"[0.0, 0.3333333333333333, 1.0, 1.0, 1.0, 1.0, 1.0, 1.0, 1.0, 1.0]",0.8125,"[1.0, 0.5, 1.0, 0.3333333333333333, 0.6666666666666666, 1.0, 1.0, 1.0]","[0, 0, 0, 0, 0, 0, 0, 0]",0.7083,1.0
6,1,Supported Training,4,1.57,"[4.8, 12.1]",12.2,1,Female,20,Nothing,-,Really fun task!!,0,"[6, 6, 8, 10, 5, 12, 8, 6, 6, 6]",0,,,"""[255, 235, 355, 320, 220, 390, 275, 380]""",303.75,,,[],0.96,"[1.0, 1.0, 1.0, 1.0, 0.6, 1.0, 1.0, 1.0, 1.0, 1.0]",0.7917,"[0.0, 0.3333333333333333, 1.0, 1.0, 1.0, 1.0, 1.0, 1.0]","[0, 0, 0, 0, 0, 0, 0, 0]",0.5833,0.0
7,1,Supported Training,4,1.46,"[15.8, 30.5]",30.8,5,Male,20,Not at all. ,-,,0,"[12, 1, 3, 2, 3, 2, 3, 6, 6, 4]",0,,,"""[215, 265, 230, 515, 390, 495, 195, 255]""",320.0,,,[],1.0,"[1.0, 1.0, 1.0, 1.0, 1.0, 1.0, 1.0, 1.0, 1.0, 1.0]",0.8125,"[0.0, 0.5, 1.0, 1.0, 1.0, 1.0, 1.0, 1.0]","[0, 0, 0, 0, 0, 0, 0, 0]",0.625,0.0
8,1,Supported Training,4,1.42,"[10.2, 21.6]",22.0,2,Male,34,Slightly wordy but just had to read carefully.,-,,0,"[12, 12, 12, 12, 12, 12, 12, 12, 12, 12]",0,,,"""[560, 190, 235, 320, 410, 220, 505, 210]""",331.25,,,[],0.75,"[0.3333333333333333, 0.6666666666666666, 0.6666666666666666, 0.5, 0.3333333333333333, 1.0, 1.0, 1.0, 1.0, 1.0]",0.5417,"[0.0, 0.0, 0.0, 1.0, 1.0, 0.3333333333333333, 1.0, 1.0]","[0, 0, 0, 0, 0, 0, 0, 0]",0.25,0.0
9,1,Supported Training,4,1.54,"[9.0, 22.1]",22.2,1,male,28,no,-,,1,"[0, 1, 12, 12, 4, 8, 1, 10, 6, 12]",0,,,"""[530, 315, 245, 295, 360, 155, 225, 360]""",310.625,,,[],0.8,"[0.0, 1.0, 0.6666666666666666, 1.0, 1.0, 1.0, 1.0, 0.6666666666666666, 0.6666666666666666, 1.0]",0.6875,"[0.0, 0.0, 0.5, 1.0, 1.0, 1.0, 1.0, 1.0]","[0, 0, 0, 0, 0, 0, 0, 0]",0.375,0.0
10,1,Supported Training,4,1.6,"[7.6, 13.8]",13.9,2,Male,43,No,-,,0,"[1, 4, 2, 5, 5, 1, 5, 5, 2, 1]",0,,,"""[500, 215, 310, 415, 200, 200, 275, 280]""",299.375,,,[],0.95,"[1.0, 1.0, 0.5, 1.0, 1.0, 1.0, 1.0, 1.0, 1.0, 1.0]",0.875,"[0.0, 1.0, 1.0, 1.0, 1.0, 1.0, 1.0, 1.0]","[0, 0, 0, 0, 0, 0, 0, 0]",0.75,0.0
11,1,Supported Training,4,1.5,"[5.3, 10.7]",11.1,1,-,-,-,-,no instructions were clear,0,"[2, 4, 3, 3, 5, 4, 1, 2, 1, 6]",0,,,"""[225, 220, 210, 320, 315, 380, 520, 335]""",315.625,,,[],1.0,"[1.0, 1.0, 1.0, 1.0, 1.0, 1.0, 1.0, 1.0, 1.0, 1.0]",0.8125,"[1.0, 1.0, 0.5, 1.0, 1.0, 0.5, 1.0, 0.5]","[0, 0, 0, 0, 0, 0, 0, 0]",0.875,1.0
12,1,Supported Training,4,1.77,"[9.5, 20.9]",21.4,2,female,34,"No, I had a little trouble remembering whether I was supposed to click on the arrows or the circles to select a route, but that wasn't an issue with directions. ",-,,0,"[5, 2, 4, 4, 2, 6, 11, 9, 4, 3]",0,,,"""[250, 255, 285, 195, 335, 440, 275, 195]""",278.75,,,[],0.87,"[0.2, 0.5, 1.0, 1.0, 1.0, 1.0, 1.0, 1.0, 1.0, 1.0]",0.8333,"[0.5, 1.0, 1.0, 1.0, 1.0, 0.5, 0.6666666666666666, 1.0]","[0, 0, 0, 0, 0, 0, 0, 0]",0.875,0.5
13,1,Supported Training,4,1.31,"[7.0, 11.7]",11.9,3,Female,40,No,-,,0,"[12, 10, 8, 2, 3, 3, 1, 3, 1, 4]",0,,,"""[215, 635, 515, 315, 155, 255, 440, 315]""",355.625,,,[],1.0,"[1.0, 1.0, 1.0, 1.0, 1.0, 1.0, 1.0, 1.0, 1.0, 1.0]",0.0,"[0.0, 0.0, 0.0, 0.0, 0.0, 0.0, 0.0, 0.0]","[0, 0, 0, 0, 0, 0, 0, 0]",0.0,0.0
14,1,Supported Training,4,1.25,"[14.6, 29.0]",29.2,1,female ,44,no,-,,0,"[12, 12, 12, 12, 12, 12, 12, 12, 12, 12]",0,,,"""[295, 395, 350, 300, 440, 155, 340, 470]""",343.125,,,[],0.0333,"[0.0, 0.0, 0.0, 0.3333333333333333, 0.0, 0.0, 0.0, 0.0, 0.0, 0.0]",0.8229,"[0.25, 0.3333333333333333, 1.0, 1.0, 1.0, 1.0, 1.0, 1.0]","[0, 0, 0, 0, 0, 0, 0, 0]",0.6458,0.25
15,1,Supported Training,4,2.02,"[4.4, 14.4]",14.6,1,female,26,,-,,1,"[0, 10, 2, 2, 2, 1, 2, 1, 1, 4]",0,,,"""[350, 200, 270, 220, 200, 205, 280, 250]""",246.875,,,[],0.8333,"[0.0, 0.3333333333333333, 1.0, 1.0, 1.0, 1.0, 1.0, 1.0, 1.0, 1.0]",0.6146,"[0.0, 0.6666666666666666, 0.6666666666666666, 0.3333333333333333, 0.75, 1.0, 1.0, 0.5]","[0, 0, 0, 0, 0, 0, 0, 0]",0.4167,0.0
16,1,Supported Training,4,1.77,"[10.5, 26.2]",26.9,1,male,35,no,-,"there are more to consider then make decision, not just money",0,"[12, 12, 12, 12, 12, 12, 12, 4, 12, 10]",0,,,"""[280, 280, 220, 225, 370, 220, 425, 205]""",278.125,,,[],0.3333,"[0.6666666666666666, 0.3333333333333333, 0.0, 0.0, 0.0, 0.0, 0.5, 0.5, 0.6666666666666666, 0.6666666666666666]",0.75,"[0.0, 0.0, 1.0, 1.0, 1.0, 1.0, 1.0, 1.0]","[0, 0, 0, 0, 0, 0, 0, 0]",0.5,0.0
17,1,Supported Training,4,1.42,"[5.8, 17.8]",17.9,1,Female,20,No.,-,,0,"[6, 6, 6, 2, 6, 1, 1, 5, 6, 3]",0,,,"""[190, 315, 535, 395, 385, 400, 185, 210]""",326.875,,,[],1.0,"[1.0, 1.0, 1.0, 1.0, 1.0, 1.0, 1.0, 1.0, 1.0, 1.0]",0.3438,"[0.6666666666666666, 0.25, 0.0, 0.0, 0.3333333333333333, 0.5, 0.5, 0.5]","[0, 0, 0, 0, 0, 0, 0, 0]",0.2292,0.6667
18,1,Supported Training,4,1.82,"[8.6, 18.2]",18.5,1,Male,29,No,-,,0,"[4, 6, 3, 6, 12, 6, 12, 9, 3, 1]",0,,,"""[395, 205, 185, 545, 220, 240, 185, 245]""",277.5,,,[],0.9333,"[0.5, 1.0, 1.0, 1.0, 0.8333333333333334, 1.0, 1.0, 1.0, 1.0, 1.0]",0.9375,"[0.5, 1.0, 1.0, 1.0, 1.0, 1.0, 1.0, 1.0]","[0, 0, 0, 0, 0, 0, 0, 0]",0.875,0.5
19,1,Supported Training,4,1.51,"[8.8, 15.7]",15.9,2,Male,27,Not really,-,,0,"[12, 2, 3, 5, 4, 1, 1, 2, 6, 3]",0,,,"""[445, 175, 150, 320, 420, 265, 465, 250]""",311.25,,,[],1.0,"[1.0, 1.0, 1.0, 1.0, 1.0, 1.0, 1.0, 1.0, 1.0, 1.0]",0.0,"[0.0, 0.0, 0.0, 0.0, 0.0, 0.0, 0.0, 0.0]","[0, 0, 0, 0, 0, 0, 0, 0]",0.0,0.0
20,1,Supported Training,4,1.29,"[8.0, 16.6]",17.0,2,Male,36,It could be clearer that the end destinations are the most important. The ones in-between have minimal affect.,-,,0,"[7, 2, 5, 5, 2, 2, 6, 5, 2, 1]",0,,,"""[450, 475, 295, 220, 460, 250, 290, 270]""",338.75,,,[],0.9,"[0.0, 1.0, 1.0, 1.0, 1.0, 1.0, 1.0, 1.0, 1.0, 1.0]",0.9583,"[0.6666666666666666, 1.0, 1.0, 1.0, 1.0, 1.0, 1.0, 1.0]","[0, 0, 0, 0, 0, 0, 0, 0]",0.9167,0.6667
21,1,Supported Training,4,1.85,"[11.3, 18.2]",18.4,1,Female,35,"No, it was all very clear",-,,0,"[8, 5, 6, 4, 12, 11, 6, 7, 6, 10]",0,,,"""[190, 325, 255, 200, 255, 360, 285, 280]""",268.75,,,[],0.64,"[0.5, 0.4, 0.5, 0.5, 0.5, 1.0, 0.6666666666666666, 0.8333333333333334, 0.5, 1.0]",0.75,"[0.5, 1.0, 0.5, 1.0, 0.3333333333333333, 1.0, 0.6666666666666666, 1.0]","[0, 0, 0, 0, 0, 0, 0, 0]",0.75,0.5
22,1,Supported Training,4,1.65,"[10.5, 22.9]",23.2,2,Female,34,Where to click to create route was unclear,-,,0,"[6, 5, 4, 8, 10, 10, 12, 8, 6, 6]",0,,,"""[255, 375, 305, 275, 160, 360, 355, 265]""",293.75,,,[],0.7333,"[1.0, 1.0, 0.5, 0.3333333333333333, 0.6666666666666666, 0.6666666666666666, 0.5, 0.6666666666666666, 1.0, 1.0]",0.8333,"[0.5, 1.0, 1.0, 1.0, 0.6666666666666666, 1.0, 1.0, 0.5]","[0, 0, 0, 0, 0, 0, 0, 0]",0.875,0.5
23,1,Supported Training,4,1.26,"[6.2, 14.0]",14.1,2,Male,28,No,-,,10,"[0, 0, 0, 0, 0, 0, 0, 0, 0, 0]",0,,,"""[270, 540, 455, 340, 355, 165, 250, 410]""",348.125,,,[],0.0,"[0.0, 0.0, 0.0, 0.0, 0.0, 0.0, 0.0, 0.0, 0.0, 0.0]",0.0,"[0.0, 0.0, 0.0, 0.0, 0.0, 0.0, 0.0, 0.0]","[0, 0, 0, 0, 0, 0, 0, 0]",0.0,0.0
24,1,Supported Training,4,1.74,"[17.8, 42.0]",43.0,1,Male,33,"Yes, I believe the instructions said to use the arrows where it might be more clear to say click the arrows",-,Fun experiment ,0,"[12, 10, 12, 12, 12, 12, 12, 12, 12, 12]",0,,,"""[240, 310, 355, 225, 355, 285, 275, 220]""",283.125,,,[],0.5,"[0.3333333333333333, 1.0, 0.3333333333333333, 0.6666666666666666, 0.3333333333333333, 0.5, 0.3333333333333333, 0.5, 0.5, 0.5]",0.9167,"[0.6666666666666666, 0.6666666666666666, 1.0, 1.0, 1.0, 1.0, 1.0, 1.0]","[0, 0, 0, 0, 0, 0, 0, 0]",0.8333,0.6667
25,1,Supported Training,4,1.42,"[12.8, 23.0]",23.5,3,Male,20,,-,,0,"[5, 6, 3, 3, 10, 11, 5, 6, 7, 12]",0,,,"""[260, 215, 275, 280, 300, 455, 505, 295]""",323.125,,,[],0.4433,"[0.2, 0.3333333333333333, 0.3333333333333333, 0.3333333333333333, 0.6666666666666666, 0.6666666666666666, 0.4, 0.3333333333333333, 0.6666666666666666, 0.5]",1.0,"[1.0, 1.0, 1.0, 1.0, 1.0, 1.0, 1.0, 1.0]","[0, 0, 0, 0, 0, 0, 0, 0]",1.0,1.0
26,1,Supported Training,4,1.65,"[13.9, 25.1]",25.4,6,m,36,no pretty simple,-,nice hit,0,"[6, 4, 2, 1, 2, 2, 6, 3, 3, 3]",0,,,"""[290, 345, 375, 365, 230, 225, 320, 195]""",293.125,,,[],1.0,"[1.0, 1.0, 1.0, 1.0, 1.0, 1.0, 1.0, 1.0, 1.0, 1.0]",0.75,"[0.0, 0.0, 1.0, 1.0, 1.0, 1.0, 1.0, 1.0]","[0, 0, 0, 0, 0, 0, 0, 0]",0.5,0.0
27,1,Supported Training,4,0.67,"[8.9, 15.7]",15.9,2,Male,29,None.,-,It was fun.,0,"[5, 4, 1, 6, 3, 6, 12, 2, 6, 2]",0,,,"""[415, 495, 455, 395, 195, 540, 510, 375]""",422.5,,,[],1.0,"[1.0, 1.0, 1.0, 1.0, 1.0, 1.0, 1.0, 1.0, 1.0, 1.0]",0.6875,"[0.0, 0.0, 0.5, 1.0, 1.0, 1.0, 1.0, 1.0]","[0, 0, 0, 0, 0, 0, 0, 0]",0.375,0.0
28,1,Supported Training,4,1.44,"[9.7, 30.3]",30.7,1,female,55,no,-,-,0,"[1, 2, 6, 6, 1, 1, 6, 4, 1, 4]",0,,,"""[275, 345, 240, 265, 315, 180, 450, 490]""",320.0,,,[],1.0,"[1.0, 1.0, 1.0, 1.0, 1.0, 1.0, 1.0, 1.0, 1.0, 1.0]",0.4583,"[0.3333333333333333, 0.5, 0.5, 0.3333333333333333, 0.5, 0.5, 0.6666666666666666, 0.3333333333333333]","[0, 0, 0, 0, 0, 0, 0, 0]",0.4167,0.3333
29,1,Supported Training,4,1.07,"[7.1, 14.6]",14.7,2,Female,24,"No, task was pretty straight-forward.",-,,0,"[12, 8, 10, 10, 10, 8, 12, 9, 3, 5]",0,,,"""[445, 270, 365, 410, 300, 250, 505, 390]""",366.875,,,[],0.8667,"[1.0, 1.0, 0.3333333333333333, 0.6666666666666666, 0.6666666666666666, 1.0, 1.0, 1.0, 1.0, 1.0]",0.9583,"[1.0, 1.0, 1.0, 1.0, 0.6666666666666666, 1.0, 1.0, 1.0]","[0, 0, 0, 0, 0, 0, 0, 0]",1.0,1.0
30,1,Supported Training,4,1.28,"[8.2, 16.0]",16.4,1,female,38,no they were very clear,-,Really enjoyed he hit- thanks,9,"[3, 0, 0, 0, 0, 0, 0, 0, 0, 0]",0,,,"""[440, 540, 215, 495, 430, 180, 265, 190]""",344.375,,,[],0.0333,"[0.3333333333333333, 0.0, 0.0, 0.0, 0.0, 0.0, 0.0, 0.0, 0.0, 0.0]",0.0,"[0.0, 0.0, 0.0, 0.0, 0.0, 0.0, 0.0, 0.0]","[0, 0, 0, 0, 0, 0, 0, 0]",0.0,0.0
31,1,Supported Training,4,1.61,"[4.6, 10.9]",11.2,1,"Male (cisgender, assigned male at birth).",25.,"No, they were really well written. The game was really fun too, by the way!",-,"Fun game, really enjoyed it. Hope your research goes well!",0,"[8, 4, 7, 4, 2, 1, 1, 2, 2, 3]",0,,,"""[210, 220, 235, 410, 590, 245, 170, 400]""",310.0,,,[],0.825,"[0.0, 0.25, 1.0, 1.0, 1.0, 1.0, 1.0, 1.0, 1.0, 1.0]",1.0,"[1.0, 1.0, 1.0, 1.0, 1.0, 1.0, 1.0, 1.0]","[0, 0, 0, 0, 0, 0, 0, 0]",1.0,1.0
32,1,Supported Training,4,1.83,"[12.1, 20.4]",20.6,6,male,34,no easy to understand,-,i enjoyed it,0,"[1, 1, 2, 3, 3, 1, 5, 6, 1, 5]",0,,,"""[430, 245, 240, 220, 245, 180, 210, 400]""",271.25,,,[],0.54,"[1.0, 1.0, 0.5, 0.0, 0.0, 0.0, 0.4, 0.5, 1.0, 1.0]",0.8542,"[0.3333333333333333, 0.5, 1.0, 1.0, 1.0, 1.0, 1.0, 1.0]","[0, 0, 0, 0, 0, 0, 0, 0]",0.7083,0.3333
33,1,Supported Training,4,0.89,"[8.3, 12.2]",12.9,1,Female,18,,-,,5,"[12, 12, 12, 11, 12, 0, 0, 0, 0, 0]",0,,,"""[385, 230, 460, 500, 270, 470, 355, 445]""",389.375,,,[],0.15,"[0.3333333333333333, 0.3333333333333333, 0.3333333333333333, 0.16666666666666666, 0.3333333333333333, 0.0, 0.0, 0.0, 0.0, 0.0]",0.0,"[0.0, 0.0, 0.0, 0.0, 0.0, 0.0, 0.0, 0.0]","[0, 0, 0, 0, 0, 0, 0, 0]",0.0,0.0
34,1,Supported Training,4,1.17,"[11.7, 21.8]",22.1,4,male,41,no,-,,0,"[5, 4, 2, 6, 1, 1, 2, 1, 1, 6]",0,,,"""[220, 580, 205, 340, 460, 280, 495, 330]""",363.75,,,[],1.0,"[1.0, 1.0, 1.0, 1.0, 1.0, 1.0, 1.0, 1.0, 1.0, 1.0]",0.7917,"[0.3333333333333333, 0.6666666666666666, 1.0, 1.0, 1.0, 1.0, 1.0, 0.3333333333333333]","[0, 0, 0, 0, 0, 0, 0, 0]",0.75,0.3333
35,1,Supported Training,4,1.29,"[10.0, 23.5]",24.0,1,Male,41,No,-,Interesting and engaging.,0,"[2, 10, 2, 3, 6, 6, 3, 3, 1, 1]",0,,,"""[210, 425, 240, 445, 260, 380, 330, 420]""",338.75,,,[],1.0,"[1.0, 1.0, 1.0, 1.0, 1.0, 1.0, 1.0, 1.0, 1.0, 1.0]",0.7917,"[0.5, 0.5, 0.3333333333333333, 1.0, 1.0, 1.0, 1.0, 1.0]","[0, 0, 0, 0, 0, 0, 0, 0]",0.5833,0.5
36,1,Supported Training,4,1.75,"[6.6, 11.8]",12.0,2,Male,22,No,-,,0,"[3, 3, 3, 6, 5, 3, 4, 4, 2, 2]",0,,,"""[305, 320, 215, 180, 400, 250, 195, 385]""",281.25,,,[],0.6717,"[0.3333333333333333, 0.6666666666666666, 0.3333333333333333, 0.6666666666666666, 0.8, 0.6666666666666666, 1.0, 0.75, 0.5, 1.0]",0.0625,"[0.0, 0.0, 0.0, 0.5, 0.0, 0.0, 0.0, 0.0]","[0, 0, 0, 0, 0, 0, 0, 0]",0.125,0.0
37,1,Supported Training,4,1.39,"[19.8, 36.7]",37.1,1,Female,49,No,-,,0,"[11, 12, 11, 12, 8, 12, 12, 10, 12, 11]",0,,,"""[435, 180, 305, 455, 170, 300, 375, 390]""",326.25,,,[],0.85,"[1.0, 0.3333333333333333, 0.6666666666666666, 0.5, 1.0, 1.0, 1.0, 1.0, 1.0, 1.0]",1.0,"[1.0, 1.0, 1.0, 1.0, 1.0, 1.0, 1.0, 1.0]","[0, 0, 0, 0, 0, 0, 0, 0]",1.0,1.0
38,1,Supported Training,4,1.18,"[7.1, 16.4]",16.6,2,Female,29,No,-,That was fun!,1,"[0, 2, 1, 6, 6, 3, 3, 2, 5, 1]",0,,,"""[285, 285, 410, 270, 455, 495, 440, 180]""",352.5,,,[],0.7,"[0.0, 0.0, 0.0, 1.0, 1.0, 1.0, 1.0, 1.0, 1.0, 1.0]",0.875,"[0.0, 1.0, 1.0, 1.0, 1.0, 1.0, 1.0, 1.0]","[0, 0, 0, 0, 0, 0, 0, 0]",0.75,0.0
39,1,Supported Training,4,1.1,"[11.7, 20.9]",21.5,1,Male,46,No all good - Thanks,-,It was really a good test.,0,"[3, 2, 5, 3, 4, 2, 2, 4, 3, 6]",0,,,"""[295, 360, 390, 330, 325, 385, 485, 325]""",361.875,,,[],1.0,"[1.0, 1.0, 1.0, 1.0, 1.0, 1.0, 1.0, 1.0, 1.0, 1.0]",0.0,"[0.0, 0.0, 0.0, 0.0, 0.0, 0.0, 0.0, 0.0]","[0, 0, 0, 0, 0, 0, 0, 0]",0.0,0.0
40,1,Supported Training,4,0.66,"[21.8, 43.8]",43.9,10,Femal,33,NO,-,It was good.,10,"[0, 0, 0, 0, 0, 0, 0, 0, 0, 0]",0,,,"""[530, 230, 490, 460, 470, 470, 355, 370]""",421.875,,,[],0.0,"[0.0, 0.0, 0.0, 0.0, 0.0, 0.0, 0.0, 0.0, 0.0, 0.0]",0.0,"[0.0, 0.0, 0.0, 0.0, 0.0, 0.0, 0.0, 0.0]","[0, 0, 0, 0, 0, 0, 0, 0]",0.0,0.0
41,1,Supported Training,4,1.7,"[9.2, 16.6]",17.2,2,Female,23,"No, everything was clear",-,,0,"[2, 9, 6, 12, 4, 1, 2, 4, 2, 2]",0,,,"""[220, 565, 300, 170, 255, 210, 235, 415]""",296.25,,,[],1.0,"[1.0, 1.0, 1.0, 1.0, 1.0, 1.0, 1.0, 1.0, 1.0, 1.0]",0.7292,"[0.3333333333333333, 0.5, 0.5, 1.0, 1.0, 0.5, 1.0, 1.0]","[0, 0, 0, 0, 0, 0, 0, 0]",0.5833,0.3333
42,1,Supported Training,4,1.68,"[9.1, 20.9]",21.2,2,Male,32,Nothing,-,,0,"[2, 4, 9, 3, 5, 1, 1, 6, 2, 6]",0,,,"""[270, 305, 255, 305, 340, 165, 180, 540]""",295.0,,,[],1.0,"[1.0, 1.0, 1.0, 1.0, 1.0, 1.0, 1.0, 1.0, 1.0, 1.0]",0.7396,"[0.0, 0.25, 1.0, 0.6666666666666666, 1.0, 1.0, 1.0, 1.0]","[0, 0, 0, 0, 0, 0, 0, 0]",0.4792,0.0
43,1,Supported Training,4,1.45,"[13.3, 24.9]",25.8,1,male,30,Not at all,-,,0,"[6, 10, 3, 3, 3, 4, 3, 2, 6, 1]",0,,,"""[195, 185, 310, 480, 495, 155, 360, 375]""",319.375,,,[],0.9333,"[1.0, 1.0, 0.3333333333333333, 1.0, 1.0, 1.0, 1.0, 1.0, 1.0, 1.0]",1.0,"[1.0, 1.0, 1.0, 1.0, 1.0, 1.0, 1.0, 1.0]","[0, 0, 0, 0, 0, 0, 0, 0]",1.0,1.0
44,1,Supported Training,4,1.46,"[9.7, 18.5]",18.6,5,F,34,Information that the map and prices would change was a bit hidden in the instructions. ,-,,0,"[12, 10, 10, 12, 10, 10, 12, 10, 10, 6]",0,,,"""[235, 575, 205, 465, 225, 250, 400, 260]""",326.875,,,[],1.0,"[1.0, 1.0, 1.0, 1.0, 1.0, 1.0, 1.0, 1.0, 1.0, 1.0]",1.0,"[1.0, 1.0, 1.0, 1.0, 1.0, 1.0, 1.0, 1.0]","[0, 0, 0, 0, 0, 0, 0, 0]",1.0,1.0
45,1,Supported Training,4,0.92,"[8.1, 20.3]",21.3,1,-,-,-,-,No,0,"[7, 7, 10, 4, 6, 7, 6, 4, 4, 6]",0,,,"""[375, 290, 445, 415, 495, 280, 385, 395]""",385.0,,,[],0.25,"[0.0, 0.0, 0.0, 0.5, 0.3333333333333333, 0.16666666666666666, 0.16666666666666666, 0.5, 0.5, 0.3333333333333333]",0.6875,"[0.0, 0.0, 1.0, 1.0, 1.0, 0.5, 1.0, 1.0]","[0, 0, 0, 0, 0, 0, 0, 0]",0.5,0.0
46,1,Supported Training,4,1.49,"[7.1, 13.1]",13.2,2,Male,21,"Not really, everything was well explained and concise",-,,9,"[0, 0, 0, 1, 0, 0, 0, 0, 0, 0]",0,,,"""[210, 200, 475, 155, 260, 345, 400, 470]""",314.375,,,[],0.1,"[0.0, 0.0, 0.0, 1.0, 0.0, 0.0, 0.0, 0.0, 0.0, 0.0]",0.0,"[0.0, 0.0, 0.0, 0.0, 0.0, 0.0, 0.0, 0.0]","[0, 0, 0, 0, 0, 0, 0, 0]",0.0,0.0
47,1,Supported Training,4,1.64,"[10.8, 20.3]",21.0,4,Female,36,No it was just too much to take in at once and memorise.,-,Thanks for the opportunity - it was fun!  I did however assume that the real games were actually the training.,10,"[0, 0, 0, 0, 0, 0, 0, 0, 0, 0]",0,,,"""[280, 330, 225, 235, 455, 210, 425, 200]""",295.0,,,[],0.0,"[0.0, 0.0, 0.0, 0.0, 0.0, 0.0, 0.0, 0.0, 0.0, 0.0]",0.875,"[0.0, 1.0, 1.0, 1.0, 1.0, 1.0, 1.0, 1.0]","[0, 0, 0, 0, 0, 0, 0, 0]",0.75,0.0
48,1,Supported Training,4,1.14,"[7.4, 19.1]",19.5,2,Female,28,No,-,,1,"[0, 6, 9, 6, 7, 4, 1, 6, 1, 6]",0,,,"""[285, 300, 460, 405, 530, 210, 225, 475]""",361.25,,,[],0.8,"[0.0, 1.0, 0.5, 1.0, 1.0, 1.0, 1.0, 0.8333333333333334, 1.0, 0.6666666666666666]",0.8125,"[0.5, 0.0, 1.0, 1.0, 1.0, 1.0, 1.0, 1.0]","[0, 0, 0, 0, 0, 0, 0, 0]",0.625,0.5
49,1,Supported Training,4,1.37,"[6.6, 13.0]",13.2,3,Male,57,no,-,,10,"[0, 0, 0, 0, 0, 0, 0, 0, 0, 0]",0,,,"""[360, 530, 230, 155, 385, 285, 315, 400]""",332.5,,,[],0.0,"[0.0, 0.0, 0.0, 0.0, 0.0, 0.0, 0.0, 0.0, 0.0, 0.0]",0.0,"[0.0, 0.0, 0.0, 0.0, 0.0, 0.0, 0.0, 0.0]","[0, 0, 0, 0, 0, 0, 0, 0]",0.0,0.0
50,1,Supported Training,4,1.52,"[10.9, 22.6]",23.2,1,Male,49,"No, instructions were very clear. The network maps were quite challenging",-,Fascinating exercise! One of the most interesting HITs that I've done in a while. Thank you,0,"[12, 10, 10, 11, 4, 8, 4, 6, 3, 6]",0,,,"""[325, 250, 425, 290, 260, 265, 345, 325]""",310.625,,,[],0.7167,"[0.5, 1.0, 1.0, 1.0, 0.5, 1.0, 0.5, 0.6666666666666666, 0.3333333333333333, 0.6666666666666666]",1.0,"[1.0, 1.0, 1.0, 1.0, 1.0, 1.0, 1.0, 1.0]","[0, 0, 0, 0, 0, 0, 0, 0]",1.0,1.0
51,1,Supported Training,4,2.06,"[5.9, 11.1]",11.2,2,Male,30,no,-,,0,"[2, 7, 2, 2, 1, 2, 5, 2, 5, 12]",0,,,"""[210, 270, 310, 295, 240, 195, 250, 165]""",241.875,,,[],0.8633,"[0.5, 0.8333333333333334, 0.5, 1.0, 1.0, 1.0, 0.8, 1.0, 1.0, 1.0]",0.7708,"[0.5, 1.0, 0.5, 0.6666666666666666, 0.5, 1.0, 1.0, 1.0]","[0, 0, 0, 0, 0, 0, 0, 0]",0.6667,0.5
52,1,Supported Training,6,0.0,"[0, 0]",,0,-,-,-,-,-,0,"[7, 3, 2, 12]",0,,,"""[]""",,,,[],0.9583,"[0.8333333333333334, 1.0, 1.0, 1.0]",,[],[],,
53,1,Supported Training,6,0.0,"[10.1, 0]",,3,-,-,-,-,-,0,"[6, 1, 1, 1, 1, 6, 3, 4, 6, 12]",0,,,"""[]""",,,,[],1.0,"[1.0, 1.0, 1.0, 1.0, 1.0, 1.0, 1.0, 1.0, 1.0, 1.0]",,[],[],,
54,1,Supported Training,6,0.0,"[0, 0]",,0,-,-,-,-,-,0,[],0,,,"""[]""",,,,[],,[],,[],[],,
55,1,Supported Training,6,0.0,"[4.8, 0]",,1,-,-,-,-,-,10,"[0, 0, 0, 0, 0, 0, 0, 0, 0, 0]",0,,,"""[]""",,,,[],0.0,"[0.0, 0.0, 0.0, 0.0, 0.0, 0.0, 0.0, 0.0, 0.0, 0.0]",,[],[],,
56,1,Supported Training,6,0.0,"[11.1, 0]",,4,-,-,-,-,-,9,"[5, 0, 0, 0, 0, 0, 0, 0, 0, 0]",0,,,"""[]""",,,,[],0.02,"[0.2, 0.0, 0.0, 0.0, 0.0, 0.0, 0.0, 0.0, 0.0, 0.0]",,[],[],,
57,1,Supported Training,6,0.0,"[15.1, 0]",,9,-,-,-,-,-,0,"[12, 8, 12, 3, 10, 9, 6, 3, 8, 7]",0,,,"""[]""",,,,[],0.3,"[0.6666666666666666, 0.3333333333333333, 0.16666666666666666, 0.3333333333333333, 0.3333333333333333, 0.16666666666666666, 0.3333333333333333, 0.3333333333333333, 0.16666666666666666, 0.16666666666666666]",,[],[],,
58,1,Supported Training,6,0.0,"[7.5, 0]",,1,-,-,-,-,-,10,"[0, 0, 0, 0, 0, 0, 0, 0, 0, 0]",0,,,"""[]""",,,,[],0.0,"[0.0, 0.0, 0.0, 0.0, 0.0, 0.0, 0.0, 0.0, 0.0, 0.0]",,[],[],,
59,1,Supported Training,6,0.0,"[0, 0]",,0,-,-,-,-,-,0,[],0,,,"""[]""",,,,[],,[],,[],[],,
60,1,Supported Training,6,0.0,"[0, 0]",,0,-,-,-,-,-,0,"[2, 12, 12, 12, 3, 12]",0,,,"""[]""",,,,[],0.6389,"[1.0, 1.0, 1.0, 0.3333333333333333, 0.3333333333333333, 0.16666666666666666]",,[],[],,
61,1,Supported Training,6,0.0,"[19.8, 0]",,4,-,-,-,-,-,0,"[5, 1, 4, 2, 2, 4, 5, 4, 6, 12]",0,,,"""[]""",,,,[],0.95,"[1.0, 1.0, 1.0, 1.0, 1.0, 1.0, 1.0, 1.0, 1.0, 0.5]",,[],[],,
62,1,Supported Training,6,0.0,"[0, 0]",,0,-,-,-,-,-,0,"[2, 5]",0,,,"""[]""",,,,[],1.0,"[1.0, 1.0]",,[],[],,
63,1,Supported Training,6,0.0,"[0, 0]",,0,-,-,-,-,-,1,"[0, 11, 12, 8, 8, 12, 12]",0,,,"""[]""",,,,[],0.381,"[0.0, 0.3333333333333333, 0.3333333333333333, 0.3333333333333333, 0.6666666666666666, 0.6666666666666666, 0.3333333333333333]",,[],[],,
64,1,Supported Training,6,0.0,"[7.0, 0]",,3,-,-,-,-,-,10,"[0, 0, 0, 0, 0, 0, 0, 0, 0, 0]",0,,,"""[]""",,,,[],0.0,"[0.0, 0.0, 0.0, 0.0, 0.0, 0.0, 0.0, 0.0, 0.0, 0.0]",,[],[],,
65,1,Supported Training,6,0.0,"[0, 0]",,0,-,-,-,-,-,0,[],0,,,"""[]""",,,,[],,[],,[],[],,
66,1,Supported Training,6,0.0,"[8.6, 0]",,3,-,-,-,-,-,10,"[0, 0, 0, 0, 0, 0, 0, 0, 0, 0]",0,,,"""[]""",,,,[],0.0,"[0.0, 0.0, 0.0, 0.0, 0.0, 0.0, 0.0, 0.0, 0.0, 0.0]",,[],[],,
67,1,Supported Training,6,0.0,"[6.5, 0]",,0,-,-,-,-,-,10,"[0, 0, 0, 0, 0, 0, 0, 0, 0, 0]",0,,,"""[]""",,,,[],0.0,"[0.0, 0.0, 0.0, 0.0, 0.0, 0.0, 0.0, 0.0, 0.0, 0.0]",,[],[],,
68,1,Supported Training,6,0.0,"[13.4, 0]",,2,-,-,-,-,-,10,"[0, 0, 0, 0, 0, 0, 0, 0, 0, 0]",0,,,"""[]""",,,,[],0.0,"[0.0, 0.0, 0.0, 0.0, 0.0, 0.0, 0.0, 0.0, 0.0, 0.0]",,[],[],,
69,1,Supported Training,6,0.0,"[0, 0]",,0,-,-,-,-,-,0,[],0,,,"""[]""",,,,[],,[],,[],[],,
